Country Name,Country Code,Series Name,Series Code,2000 [YR2000],2001 [YR2001],2002 [YR2002],2003 [YR2003],2004 [YR2004],2005 [YR2005],2006 [YR2006],2007 [YR2007],2008 [YR2008],2009 [YR2009],2010 [YR2010],2011 [YR2011],2012 [YR2012],2013 [YR2013],2014 [YR2014],2015 [YR2015],2016 [YR2016],2017 [YR2017],2018 [YR2018],2019 [YR2019],2020 [YR2020],2021 [YR2021],2022 [YR2022],2023 [YR2023],2024 [YR2024],2025 [YR2025]
Algeria,DZA,GDP (current US$),NY.GDP.MKTP.CD,54790398570.3282,59413400923.6364,61516103406.1688,73482264190.9245,91913680985.1708,107046618669.707,123084258693.01,142482739809.849,180383848331.135,150317292079.359,177785053939.531,218331946925.304,227143746075.934,229701430292.157,238942664192.59,187493855609.345,180763839522.151,189880896903.073,194554483655.528,193459662090.677,164873415325.201,186231205262.082,225581644702.568,247923887214.655,269322281664.773,..
Algeria,DZA,GDP growth (annual %),NY.GDP.MKTP.KD.ZG,3.80000000158476,2.99999999863043,5.40000000000001,6.50000000062043,4.49999999976698,5.39999999969525,2.89999999905852,3.10000000128674,2.49999999929371,1.19999999969519,4.80000000093564,2.99999999941909,2.40000000034432,2.60000000061164,4.09999999866501,3.20000000089023,3.90000000017621,1.49999999895587,1.40000000088281,0.899999999219148,-4.99999999908597,3.79999999900707,3.60000000094915,4.10000000005964,3.69999999907979,..
Algeria,DZA,GDP per capita (current US$),NY.GDP.PCAP.CD,1772.92869122761,1896.30020878013,1937.46411413019,2283.77299346126,2816.99384960555,3233.13339634212,3660.66104745322,4167.45169937531,5180.91881514686,4235.42990456612,4912.78585503672,5916.31364364343,6033.64884689543,5979.60138960585,6094.69392314956,4685.05902729002,4424.98529027556,4554.66753957828,4577.21029180491,4468.45341883656,3743.5419522929,4160.55926736925,4960.30334332888,5370.477235078,5752.99076651465,..
Algeria,DZA,GDP per capita growth (annual %),NY.GDP.PCAP.KD.ZG,2.35726435010288,1.59517814379704,4.00705031536965,5.09333212662064,3.05086148235007,3.86890214242119,1.32618894855368,1.39346833661227,0.652527943948144,-0.72042057547074,2.77921908194712,1.00399237129356,0.379563284418055,0.548743629610698,2.00005200987388,1.09962061859601,1.78594064734014,-0.541667024495979,-0.546019580108478,-0.939992962004737,-6.61247509707083,2.13263632683078,1.96825188100587,2.55120301943617,2.25996527082104,..
Algeria,DZA,Market capitalization of listed domestic companies (% of GDP),CM.MKT.LCAP.GD.ZS,0.520704383422654,0.318371660835649,0.22409030213247,0.194161912869368,0.151329169261192,0.132398562591105,0.0766116916583422,0.0678421259938725,0.0506222986627452,0.059911941674207,0.0592920836817805,0.090137159694386,0.0734405775890513,0.0769842274328325,0.0704306388685683,0.0768130382510503,0.229127480378834,0.185981841536564,0.190907251680752,..,..,..,..,..,..,..
Algeria,DZA,Market capitalization of listed domestic companies (current US$),CM.MKT.LCAP.CD,285296007.050442,189155431.279524,137851621.983006,142674569.772822,139092209.872241,141728184.421074,94296932.7498449,96663319.8613195,91314450.4415403,90058008.356833,105412462.955525,196798215.663923,166815679.075574,176833871.512583,168288844.920419,144019727.027575,414179630.933144,353143988.786481,371418617.768445,..,..,..,..,..,..,..
Algeria,DZA,"Foreign direct investment, net (BoP, current US$)",BN.KLT.DINV.CD,..,..,..,..,..,-1100999999.99995,-1762000000.00007,-1539745127.74471,-2320754663.57849,-2532507565.45895,-2081136054.38594,-2037319357.9126,-1541844615.21892,-1963635049.70213,-1520777119.23079,638915215.345589,-1591723072.0537,-1238809875.76889,-619904539.936101,-1350051614.14718,-1129312783.55399,-919756337.019922,-157209788.407522,-1048795707.45735,-1226149976.64736,..
Algeria,DZA,"Foreign direct investment, net inflows (% of GDP)",BX.KLT.DINV.WD.GD.ZS,0.511220957154505,1.87349238167778,1.73118897497205,0.868036712018978,0.962586875552012,1.07990333031143,1.49572335207526,1.1838181536619,1.46277344571787,1.82742164668261,1.29390467487817,1.17767329101171,0.660551953898791,0.736559065111634,0.628688968391006,-0.286832290676438,0.906300705997455,0.647902696344894,0.753576088552125,0.713947308015691,0.693816014772836,0.466728479682941,0.107187812155079,0.489819143410423,0.455370730483787,..
Algeria,DZA,"Stocks traded, total value (% of GDP)",CM.MKT.TRAD.GD.ZS,..,..,..,..,..,..,..,..,..,..,..,..,..,..,..,..,..,..,..,..,..,..,..,..,..,..
Algeria,DZA,"Stocks traded, total value (current US$)",CM.MKT.TRAD.CD,..,..,..,..,..,..,..,..,..,..,..,..,..,..,..,..,..,..,..,..,..,..,..,..,..,..
Algeria,DZA,Real interest rate (%),FR.INR.RINR,-10.3343779975902,1.37540693520959,7.11282850261404,-0.750361449727912,-3.09251853802661,-3.88174750068618,-2.51051997823398,0.844558436606999,-6.18312466469342,16.5976144696892,-6.53956357149489,-7.62022648935877,-0.00226526143978329,7.04435828748252,6.45599979815453,13.6683505561602,7.08263567020895,2.91790627930198,1.72874977289301,7.05471454760202,13.3398767236666,-6.84242363086498,-12.1381943578662,6.92907177086673,4.47402521317597,..
Algeria,DZA,Domestic credit to private sector by banks (% of GDP),FD.AST.PRVT.GD.ZS,5.94905219189264,7.35064830095516,11.2247900124854,10.335213370193,10.1871546670834,11.421127894114,11.5017251839844,12.2855916116841,12.1122581846356,14.8286794932521,13.7742958941425,12.5488742058705,12.8934410793233,15.0524766379275,16.3999184158829,19.1940416812752,20.2346166999021,21.8449886502322,22.3718825950813,22.8981304002728,26.1031661322496,22.6446473775232,18.2286844136791,18.8336494806803,19.0177594233047,..
Algeria,DZA,Domestic credit to private sector (% of GDP),FS.AST.PRVT.GD.ZS,5.96563998570152,7.38450388552899,11.2566389037062,10.3642725018405,10.2103283916163,11.5002886298427,11.5208153731445,12.3058156265958,12.1301917581652,14.8475768615457,13.790133198986,12.5651064123385,12.9086438651722,15.0652748989807,16.4216636360138,19.2203451351034,20.2524548230485,21.8603855833638,22.387148870126,22.9128695368994,26.1172134194462,22.659990400839,18.2397846012834,18.846702518083,19.0340776687974,..
Algeria,DZA,Energy use (kg of oil equivalent per capita),EG.USE.PCAP.KG.OE,873.657787057718,863.498325342364,911.440557642084,955.848483496115,954.298409338891,979.326457769033,1032.63866815022,1077.66189233078,1070.72807038599,1147.30600554253,1151.13889665565,1174.26806450034,1258.83718458975,1273.72242693806,1358.04787814425,1414.49702064392,1371.20207705232,1380.3468180174,1442.30211193457,1463.50985736009,1373.67832094406,1451.44517709293,1499.50999958517,1503.41406578063,..,..
Algeria,DZA,Electric power consumption (kWh per capita),EG.USE.ELEC.KH.PC,686.353657773796,711.813944308139,733.209063635649,788.573580320475,805.681303639425,891.714578002056,862.878487448632,893.69762852925,944.941748362242,862.485663394753,1010.71519484951,1115.96836018472,1229.34165460568,1269.79181719163,1353.09164785509,1438.57265286655,1470.35348531547,1554.49963310729,1568.47300560981,1651.17795668766,1591.97709300405,1681.48239613152,1756.58721304339,1827.95251014644,..,..
Algeria,DZA,Oil rents (% of GDP),NY.GDP.PETR.RT.ZS,20.2038945100895,16.7197713612172,17.703706765696,19.6786326659537,22.1269733272223,27.9141141505655,29.5343935472454,27.9267087662485,29.1086401323721,19.9046263657492,21.9939993236664,25.0260096148481,22.6025382987382,20.8724313901278,19.3167294732848,11.7459031918092,10.0262189142963,12.1565741270026,15.9428081774505,14.1421031504305,9.03841379679424,14.4615654623053,..,..,..,..
Algeria,DZA,Gross fixed capital formation (current US$),NE.GDI.FTOT.CD,11329143721.2582,14927251007.2878,16685131755.1414,19192912718.1707,23990793859.6126,26583298929.3074,30976528473.4456,39893206181.3417,54186888769.146,58283806566.7221,65468893514.5214,71078056926.8784,73531603726.5647,81654890359.3874,92229966022.0477,80264226649.7488,78427453061.0514,78814888848.1603,79784119209.3658,77136720130.2872,64448724056.7675,65399750045.1636,68542510043.0491,81126568431.7932,94795663352.9236,..
Algeria,DZA,Gross fixed capital formation (annual % growth),NE.GDI.FTOT.KD.ZG,5.43023945014131,6.2999999972609,8.5,4.89999999999999,8.7,7.89999999999989,6.90000000000035,10.0999999999996,12.2,12.8999999999999,7.89999999999995,1.90000000000001,9.10000000000026,8.7,8.49999999999984,5.19999999999989,2.8,1.60000000000007,2.09999999999999,-0.600000000000065,-7.20000000000005,0.400000000000219,2.59999999999994,9.19999999999992,9.80000000000005,..
Algeria,DZA,Gross fixed capital formation (% of GDP),NE.GDI.FTOT.ZS,20.6772427594523,25.1243840198169,27.1231934912643,26.1191090523597,26.1014395272487,24.8333849865266,25.1669293883515,27.9986237172174,30.0397675681438,38.7738534672056,36.8247454236446,32.5550419569134,32.3722774660867,35.5482724924833,38.5992038440274,42.8089904007225,43.3866935269655,41.5075397965874,41.0086253013984,39.8722500063772,39.0898216851072,35.1175035102881,30.384790452886,32.7223686846894,35.1978539491642,..
Algeria,DZA,"Unemployment, female (% of female labor force) (modeled ILO estimate)",SL.UEM.TOTL.FE.ZS,29.718,27.754,27.004,25.451,18.208,17.196,15.175,18.996,17.619,18.206,19.246,17.355,17.25,16.557,15.726,16.742,18.76,21.246,21.432,21.731,24.041,23.341,22.182,21.064,21.056,20.647
Algeria,DZA,"Unemployment, female (% of female labor force) (national estimate)",SL.UEM.TOTL.FE.NE.ZS,29.72,..,..,25.44,18.19,..,..,..,..,18.1,19.1,..,16.99,16.3,15.582,16.566,18.247,20.62,..,..,..,..,..,..,..,..
Algeria,DZA,"Unemployment, male (% of male labor force) (modeled ILO estimate)",SL.UEM.TOTL.MA.ZS,29.778,27.23,25.725,23.44,17.557,14.942,11.761,12.852,10.162,8.62,8.172,8.506,9.706,8.431,9.039,10.029,8.407,10.077,10.188,10.37,12.041,11.657,10.404,9.726,9.725,9.787
Algeria,DZA,"Unemployment, male (% of male labor force) (national estimate)",SL.UEM.TOTL.MA.NE.ZS,29.78,..,..,23.43,17.54,..,..,..,..,8.57,8.11,..,9.56,8.3,8.956,9.923,8.177,9.78,..,..,..,..,..,..,..,..
Algeria,DZA,"Unemployment, total (% of total labor force) (modeled ILO estimate)",SL.UEM.TOTL.ZS,29.77,27.3,25.9,23.72,17.65,15.27,12.27,13.79,11.33,10.16,9.96,9.96,10.97,9.82,10.207,11.206,10.202,12,12.112,12.302,14.08,13.656,12.382,11.645,11.655,11.633
Algeria,DZA,"Unemployment, total (% of total labor force) (national estimate)",SL.UEM.TOTL.NE.ZS,29.77,27.3,25.9,23.72,17.65,15.27,12.27,13.79,11.33,10.16,9.96,9.96,10.97,9.82,10.207,11.206,10.202,12,..,..,..,..,..,..,..,..
Algeria,DZA,Broad money growth (annual %),FM.LBL.BMNY.ZG,14.131502836251,54.0514086919074,18.0521153645852,16.3061556803216,10.4512234983418,11.6936035353135,19.6447766293454,23.090739222132,16.0370822898722,4.84083509704068,13.5484317301271,19.9070032552161,10.9369170859084,8.40999983699717,14.4236738703043,0.29713102759028,0.815774502444327,8.38085499749664,11.1022592012153,-0.757531112520278,7.44561734572452,13.1837586532671,14.3262527594327,5.99193682223522,9.03432791098053,..
Algeria,DZA,Broad money (% of GDP),FM.LBL.BMNY.GD.ZS,37.8297248414823,52.3817644227651,57.8750799363848,58.0159636711519,55.0218644144851,51.8925610676587,54.4649954975876,60.7173627576789,59.7094462183175,66.7819216878756,62.615639276869,62.3509795811349,62.5440245522635,65.5009854719817,70.9674793280753,72.5912032929841,69.8380710329262,71.0633951979821,73.341677611896,71.5054716604823,84.871788930535,79.8260317736638,71.6650029155711,72.243913326662,73.4801999906217,..
Bahrain,BHR,GDP (current US$),NY.GDP.MKTP.CD,9062898936.17021,8976196808.51064,9593510638.29787,11074813829.7872,13150159574.4681,15968723404.2553,18504760638.2979,21730000000,25710904255.3191,22938218085.1064,26805984042.5532,29914680851.0638,31963404255.3191,33823324468.0851,34772526595.7447,32523297872.3404,33884680851.0638,37204813829.7872,39567978723.4043,40446808510.6383,35837632978.7234,40840212765.9574,46458191489.3617,46192260638.2979,47109734308.5106,..
Bahrain,BHR,GDP growth (annual %),NY.GDP.MKTP.KD.ZG,5.30006940305884,2.49094875338352,3.34855067103268,6.29644129075703,6.98096175867695,6.76899737789502,6.4669995195042,8.29396129093843,6.24501094995797,2.53988570158225,4.3342989754845,1.92815791170796,3.80302899043062,5.29262224906203,4.30885692657077,2.50787205267615,3.81499327422425,4.95383534123657,2.05258864979861,2.05287774418655,-5.9113629524152,4.35004091668986,6.18016125475185,3.87811614845566,2.60379670648454,..
Bahrain,BHR,GDP per capita (current US$),NY.GDP.PCAP.CD,14214.4836839343,13573.2339887597,13501.4708801425,14486.0269029822,15963.9493171617,17966.1657837625,19267.282615072,20908.4042548073,23299.4992780392,19465.3140745038,21819.3291098099,25032.7867743333,26438.6733230428,26989.7601148469,26451.7965647453,23734.0551143019,23800.001440631,24784.7693514607,26324.4066549559,27259.7438599327,24342.8444554718,27147.8083882286,30470.5219276023,29290.1284215098,29653.5682731534,..
Bahrain,BHR,GDP per capita growth (annual %),NY.GDP.PCAP.KD.ZG,2.55964691370853,-1.18735356761402,-3.81287513307996,-1.20657192911173,-0.710582645687865,-1.04880316974081,-1.47038032480991,0.0756469326690166,0.0637144631576234,-3.97919772562874,0.0771669589062469,4.78747209697194,2.60578123430011,1.5766868455926,-0.560855463138182,-1.66329278716239,-0.0791098754103388,-0.457057166110175,1.91849572888873,3.38274086937953,-5.17307400932464,2.11919822497499,4.76451212539493,0.42885937985659,1.85390359869062,..
Bahrain,BHR,Market capitalization of listed domestic companies (% of GDP),CM.MKT.LCAP.GD.ZS,73.0930582659604,73.5222293003066,78.0116950650456,86.9250729444086,102.970993799121,108.742693829694,114.145707760654,124.658766682006,77.5832300642372,70.8975297892002,74.8330297002198,55.4575530409178,..,..,63.4625440266412,59.1916295683291,57.235890609995,58.3423964955347,55.2536437426567,66.4632908995266,68.6655003543612,70.2449817399414,65.1388033624375,44.6098322863103,43.3193697641238,..
Bahrain,BHR,Market capitalization of listed domestic companies (current US$),CM.MKT.LCAP.CD,6624350000,6599500000,7484060265.18165,9626790000,13540850000,17364820000,21122390000,27088350000,19947350000,16262630000,20059730000,16589950000,..,..,22067530000,19251070000,19394198865.4608,21706180000,21862750000,26882280000,24608090000,28688200000,30262310000,20606290000,20407640000,..
Bahrain,BHR,"Foreign direct investment, net (BoP, current US$)",BN.KLT.DINV.CD,-354009613.612707,135596788.456027,-26956705.9389952,224654326.553136,170330179.249346,86771034.2841143,-1934606676.81138,-87163578.6117712,-173519631.140212,-2048638923.12242,178271544.021768,112765957.446808,-1028723404.25531,-3196063829.78723,-1913031914.89361,3126063829.78723,-1123404255.31914,-1197074468.0851,-1543085106.38297,-1138829787.23404,-1226329787.23404,-1714893617.02127,-3457446.80851082,-6112765957.4468,-2427659574.46808,..
Bahrain,BHR,"Foreign direct investment, net inflows (% of GDP)",BX.KLT.DINV.WD.GD.ZS,4.01154558234918,0.895243944446186,2.26180894388216,4.66554367760963,6.58021002500264,6.56659445840223,15.7508650085886,8.08243218951671,6.97757782740497,1.12105291032725,0.581105356633959,2.61026038592024,4.83265436536461,11.0211306090707,4.36728984042946,0.199529633421541,0.718174283238518,3.83300891199591,4.18079308703845,2.32837980010521,2.84973228101032,4.3566259787756,4.20018456310523,15.6428756083644,5.73694505846498,..
Bahrain,BHR,"Stocks traded, total value (% of GDP)",CM.MKT.TRAD.GD.ZS,2.70818423253562,2.13342024562599,2.24109826012708,2.40843777691859,2.36985717348305,4.39790947730271,7.46359289372056,4.80773124712379,8.10403235650078,2.03276469981228,1.07274554645527,0.521917652330386,0.870996085949357,1.78752387445086,2.06427335104215,0.904090357485142,0.982491479510514,1.51324245512699,2.45119925579194,1.87834350341925,1.65460146419838,1.36899384732403,0.927672787475355,1.11756816589313,1.70177143167451,..
Bahrain,BHR,"Stocks traded, total value (current US$)",CM.MKT.TRAD.CD,245440000,191500000,215000000,266730000,311640000,702290000,1381120000,1044720000,2083620000,466280000,287560000,156130000,278400000,604600000,717800000,294040000,332914102.221033,562999038.223297,969890000,759730000,592970000,559100000,430980000,516230000,801700000,..
Bahrain,BHR,Real interest rate (%),FR.INR.RINR,-2.3789073277779,14.5455953860328,4.82736149717816,-0.283027999411548,-2.78109216290479,-5.19902968703039,-0.796746124416999,-0.156119504455016,-2.82101965375419,24.0619674381792,-4.2492460256505,-2.46162141459636,3.01266280675138,5.40813959591411,7.41558701492672,15.2531776895774,..,..,..,..,..,..,..,..,..,..
Bahrain,BHR,Domestic credit to private sector by banks (% of GDP),FD.AST.PRVT.GD.ZS,40.5117896497586,41.8156768047881,44.5383071446789,42.1254859958743,43.9429196313401,43.6843509050045,44.8777557241595,53.1180542636418,64.2133791234367,71.4372673126356,64.9376677365426,66.9065925077703,66.5172271480683,66.9876399343585,61.3347998045045,70.5500803025,..,..,..,..,..,..,..,..,..,..
Bahrain,BHR,Domestic credit to private sector (% of GDP),FS.AST.PRVT.GD.ZS,40.5117896497586,41.8156768047881,44.5383071446789,42.1254859958743,43.9429196313401,43.6843509050045,44.8777557241595,53.1180542636418,64.2133791234367,71.4372673126356,64.9376677365426,66.9065925077703,66.5172271480683,66.9876399343585,61.3347998045045,70.5500803025,..,..,..,..,..,..,..,..,..,..
Bahrain,BHR,Energy use (kg of oil equivalent per capita),EG.USE.PCAP.KG.OE,12833.272118279,12648.0885082095,12214.6865774264,11894.9484733033,11271.2138903395,11975.4282360997,11582.0205666291,11533.9934710843,11593.7971674415,10432.8967547383,10317.976004905,10624.3872166304,9996.52196196405,11219.433931134,10257.0253426946,10405.6390717453,9878.66504979139,9444.4239393348,9533.85538285247,10388.189018559,10832.91852134,10666.0574068433,10701.7927575092,..,..,..
Bahrain,BHR,Electric power consumption (kWh per capita),EG.USE.ELEC.KH.PC,20863.1987728637,21233.4194242994,20709.2222536531,20142.128952005,19123.7294246614,21333.8553726168,21463.4369819996,20525.4523499103,18677.9109303523,17558.3304693168,18219.1425127163,19158.6751686164,19192.4656151879,19615.525486538,19917.6607873953,20288.6620808832,19531.1457401213,18552.197165309,19439.9407620696,21808.1679197927,21437.2464685601,21913.5648595919,22689.1577517572,0,..,..
Bahrain,BHR,Oil rents (% of GDP),NY.GDP.PETR.RT.ZS,18.711078045797,15.0074471454831,14.4906538546743,14.9880274040125,16.6530213443367,20.0931217396654,20.3670614713082,18.9906048191926,21.6815768768211,14.4351176966592,17.3156329535965,23.3980559518896,20.0940234657871,20.8660137007827,18.8709266924557,9.82474436918962,7.62960432748572,8.93795259727704,11.3900811220261,9.8481886760226,6.69558923237194,10.9376756365994,..,..,..,..
Bahrain,BHR,Gross fixed capital formation (current US$),NE.GDI.FTOT.CD,1485265957.44681,1523590425.53191,2217234042.55319,2610585106.38298,2960611702.12766,4101808510.6383,5458803191.48936,7290691489.3617,8876090425.53192,5794175531.91489,7347985638.29787,6427791223.40425,8685401595.74468,8493888031.91489,9072225531.91489,7943380851.06383,9092065159.57447,10586824734.0426,11730875000,11141223404.2553,10423563829.7872,10145452127.6596,12473643617.0213,12709042553.1915,13632803457.4468,..
Bahrain,BHR,Gross fixed capital formation (annual % growth),NE.GDI.FTOT.KD.ZG,..,-9.44397521012075,36.0147370986908,15.225996573082,-3.33905931303364,30.8132560459331,24.3034177943491,37.7033159519119,18.5972473648186,-29.443768512875,17.6914113005186,-20.2401179133404,9.84189795066345,16.9195048997736,5.86630672141226,-8.52780967130383,10.7805646979836,10.5736768082002,9.40736658673538,0.839128090915537,-3.38744167962675,-3.33741357434702,18.7007054469758,2.11953371232605,6.47990287742329,..
Bahrain,BHR,Gross fixed capital formation (% of GDP),NE.GDI.FTOT.ZS,16.3884201722595,16.973674464082,23.1118109537697,23.5722707984621,22.5138842259822,25.6865148628303,29.4994531309511,33.5512723854657,34.5226692044314,25.2599199746776,27.4117362251403,21.4870793889003,27.1729554410629,25.1125167779694,26.0902109225078,24.4236635603283,26.8323765525123,28.4555240149231,29.6473951373747,27.5453708574435,29.0855253637305,24.8418199625942,26.8491803428844,27.5133591159521,28.9384002214251,..
Bahrain,BHR,"Unemployment, female (% of female labor force) (modeled ILO estimate)",SL.UEM.TOTL.FE.ZS,3.721,3.786,3.819,3.778,3.604,3.481,3.474,3.425,3.435,3.563,3.682,3.947,3.972,3.907,3.736,3.78,3.907,3.938,3.952,4.011,5.196,4.619,4.122,3.591,3.67,3.632
Bahrain,BHR,"Unemployment, female (% of female labor force) (national estimate)",SL.UEM.TOTL.FE.NE.ZS,..,..,..,..,..,..,..,..,..,..,3.68,..,3.88,..,..,..,..,..,..,..,..,..,..,..,..,..
Bahrain,BHR,"Unemployment, male (% of male labor force) (modeled ILO estimate)",SL.UEM.TOTL.MA.ZS,0.43,0.449,0.459,0.45,0.412,0.386,0.385,0.376,0.379,0.409,0.44,0.49,0.481,0.468,0.436,0.447,0.47,0.471,0.475,0.491,0.87,0.724,0.493,0.367,0.385,0.418
Bahrain,BHR,"Unemployment, male (% of male labor force) (national estimate)",SL.UEM.TOTL.MA.NE.ZS,..,..,..,..,..,..,..,..,..,..,0.44,..,0.47,..,..,..,..,..,..,..,..,..,..,..,..,..
Bahrain,BHR,"Unemployment, total (% of total labor force) (modeled ILO estimate)",SL.UEM.TOTL.ZS,1.081,1.118,1.137,1.126,1.064,1.021,1.021,1.006,1.015,1.07,1.13,1.21,1.2,1.184,1.144,1.164,1.19,1.18,1.188,1.217,1.765,1.548,1.265,1.049,1.084,1.102
Bahrain,BHR,"Unemployment, total (% of total labor force) (national estimate)",SL.UEM.TOTL.NE.ZS,..,..,..,..,..,..,..,5.6,3.7,4,1.13,4,1.2,..,..,..,..,..,..,..,..,..,..,..,..,..
Bahrain,BHR,Broad money growth (annual %),FM.LBL.BMNY.ZG,10.2212909490469,9.24097000046367,10.338455008489,6.35700310897093,4.14724012043783,21.9912295191162,14.89357594549,39.2997844346986,19.6798292422625,5.80970215801676,10.5094601997387,3.40133460438513,4.0528082014972,8.20220206029677,6.51155681235056,2.94603044436472,..,..,..,..,..,..,..,..,..,..
Bahrain,BHR,Broad money (% of GDP),FM.LBL.BMNY.GD.ZS,63.2899505524335,69.806373238915,72.0670555229044,66.3963180784462,58.236755834803,58.5041409673617,58.005487374583,68.8086868825332,69.5995779586855,82.5448098905826,78.0579518903071,72.3253721576967,70.432941928269,72.0192615413165,74.614879226462,82.1252522741472,..,..,..,..,..,..,..,..,..,..
Djibouti,DJI,GDP (current US$),NY.GDP.MKTP.CD,551230861.856505,572417440.820162,591122039.601398,622044665.515049,666072101.777505,708633194.726566,768873684.032838,847918929.107984,999105339.267729,1049110684.72493,1128611700.3618,1239144501.77525,1353632941.5207,2044440443.16654,2220637966.25047,2424391785.43897,2604955228.70117,2762581334.22612,2913464658.08768,3088851450.30694,3144136196.6228,3392796953.08939,3562814908.76149,3898447007.38798,4152145939.98458,..
Djibouti,DJI,GDP growth (annual %),NY.GDP.MKTP.KD.ZG,..,..,..,..,..,..,..,..,..,..,..,..,..,..,7.19298728463697,7.30898563450799,7.1234323372872,5.458091517212,4.77433934943193,5.54508081154978,1.2021151728969,4.40715667561153,5.16653702854374,6.80733529403308,6.98048467276334,..
Djibouti,DJI,GDP per capita (current US$),NY.GDP.PCAP.CD,737.612183644052,742.133791107063,743.013270420348,764.634465224597,806.261652944964,844.4483573908,898.464628136774,969.573220191902,1119.15233346969,1150.9375857489,1213.23352553429,1306.34552844977,1400.19357858954,2075.94498424748,2214.62084142432,2376.12554719873,2510.4300076241,2618.95521147369,2718.08338799203,2837.16902340932,2844.88810647853,3025.91126413549,3133.25779772463,3381.29779710722,3552.72335079222,..
Djibouti,DJI,GDP per capita growth (annual %),NY.GDP.PCAP.KD.ZG,..,..,..,..,..,..,..,..,..,..,..,..,..,..,5.28018025983934,5.45836831293627,5.33331529745931,3.73971530980459,3.10861540140996,3.91378440928256,-0.306867602824667,2.91169899255628,3.70080389886223,5.33919577490653,5.53622497099775,..
Djibouti,DJI,Market capitalization of listed domestic companies (% of GDP),CM.MKT.LCAP.GD.ZS,..,..,..,..,..,..,..,..,..,..,..,..,..,..,..,..,..,..,..,..,..,..,..,..,..,..
Djibouti,DJI,Market capitalization of listed domestic companies (current US$),CM.MKT.LCAP.CD,..,..,..,..,..,..,..,..,..,..,..,..,..,..,..,..,..,..,..,..,..,..,..,..,..,..
Djibouti,DJI,"Foreign direct investment, net (BoP, current US$)",BN.KLT.DINV.CD,-3286049.48205333,-3392958.62616123,-3432346.2055694,-14224542.9634089,-38543559.8494269,-22203341.1920932,-108287709.387185,-195351140.270423,-227654582.182184,-96859684.5617569,-36501032.5172602,-79000230.6986793,-109998255.692911,-286004467.676864,-152998238.81252,-143832186.404532,-159997974.353059,-164929861.974668,-170000000,-174999015.310514,-158230011,-166750130.823031,-187022847.623807,-137009451,-67819948.247534,..
Djibouti,DJI,"Foreign direct investment, net inflows (% of GDP)",BX.KLT.DINV.WD.GD.ZS,0.596129445834392,0.592742006829803,0.580649337298248,2.28673980374562,5.78669482576557,3.13326292887826,14.0839401368509,23.0388936446947,22.785843817934,9.2325515288363,3.23415329697175,6.37538483893525,8.1261509172004,13.9893763417185,6.88983261287099,5.93271216592944,6.1420623506391,5.97013597143086,5.83497725047345,5.66550441566635,5.03254315668511,4.91482788768696,5.24930012962196,3.51446231641349,1.63337101411676,..
Djibouti,DJI,"Stocks traded, total value (% of GDP)",CM.MKT.TRAD.GD.ZS,..,..,..,..,..,..,..,..,..,..,..,..,..,..,..,..,..,..,..,..,..,..,..,..,..,..
Djibouti,DJI,"Stocks traded, total value (current US$)",CM.MKT.TRAD.CD,..,..,..,..,..,..,..,..,..,..,..,..,..,..,..,..,..,..,..,..,..,..,..,..,..,..
Djibouti,DJI,Real interest rate (%),FR.INR.RINR,..,..,..,..,..,..,..,..,..,..,..,..,..,..,..,..,..,..,..,..,..,..,..,..,..,..
Djibouti,DJI,Domestic credit to private sector by banks (% of GDP),FD.AST.PRVT.GD.ZS,32.0654354143763,26.4404220559006,24.3962198776258,22.5844501693345,21.1118901795143,20.0751157306315,20.1829119250613,22.5217826972719,24.3356079532783,29.3471303326915,33.1101651364158,30.9088339588642,28.9308988431593,22.1463874057357,22.1377018857024,21.7028460975101,20.4371265619881,21.1727542584921,21.6332373941692,22.3514833157846,21.153639250123,18.5968581486669,19.8343292529775,21.8231301046989,23.1025276600186,..
Djibouti,DJI,Domestic credit to private sector (% of GDP),FS.AST.PRVT.GD.ZS,32.0654354143763,26.4404220559006,24.3962198776258,22.5844501693345,21.1118901795143,20.0751157306315,20.1829119250613,22.5217826972719,24.3356079532783,29.3471303326915,33.1101651364158,30.9088339588642,28.9308988431593,22.1463874057357,22.1377018857024,21.7028460975101,20.4371265619881,21.1727542584921,21.6332373941692,22.3514833157846,21.153639250123,18.5968581486669,19.8343292529775,21.8231301046989,23.1025276600186,..
Djibouti,DJI,Energy use (kg of oil equivalent per capita),EG.USE.PCAP.KG.OE,..,..,..,..,160.992780744779,165.640450589692,167.102144983897,163.51677705002,..,..,..,..,..,..,..,..,..,..,..,..,..,..,..,..,..,..
Djibouti,DJI,Electric power consumption (kWh per capita),EG.USE.ELEC.KH.PC,..,..,..,..,..,..,..,..,..,..,..,..,..,..,..,..,..,..,..,..,..,..,..,..,..,..
Djibouti,DJI,Oil rents (% of GDP),NY.GDP.PETR.RT.ZS,0,0,0,0,0,0,0,0,0,0,0,0,0,0,0,0,0,0,0,0,0,0,..,..,..,..
Djibouti,DJI,Gross fixed capital formation (current US$),NE.GDI.FTOT.CD,..,..,..,..,..,..,..,..,..,..,..,..,..,511639029.715115,622687132.640487,735453538.97401,722168540.014967,721367123.750148,830155588.816178,920329780.386111,945384944.379111,1006235679.52015,1032372443.32409,960807656.382757,1003363861.89589,..
Djibouti,DJI,Gross fixed capital formation (annual % growth),NE.GDI.FTOT.KD.ZG,..,..,..,..,..,..,..,..,..,..,..,..,..,..,17.9259054866984,19.7639567821296,-4.11014970977273,-0.684308874978896,14.8895861462508,7.28612024535778,0.967875916968097,8.45920213842879,11.1406778034582,-8.26077328349862,0.475301404137724,..
Djibouti,DJI,Gross fixed capital formation (% of GDP),NE.GDI.FTOT.ZS,..,..,..,..,..,..,..,..,..,..,..,..,..,25.0258710849342,28.0409117606815,30.3355894617026,27.7228772325212,26.1120682606879,28.4937586770341,29.7952101352966,30.0681931461676,29.6579987966534,28.9763142279811,24.6459078336045,24.1649469069389,..
Djibouti,DJI,"Unemployment, female (% of female labor force) (modeled ILO estimate)",SL.UEM.TOTL.FE.ZS,37.607,37.469,37.414,37.253,37.191,37.185,37.057,36.883,36.68,36.821,36.827,36.696,36.463,36.366,36.317,36.115,35.928,35.956,36.026,36.044,37.713,37.53,36.065,35.717,35.537,35.433
Djibouti,DJI,"Unemployment, female (% of female labor force) (national estimate)",SL.UEM.TOTL.FE.NE.ZS,..,..,..,..,..,..,..,..,..,..,..,..,..,..,..,..,..,35.898,..,..,..,..,..,..,..,..
Djibouti,DJI,"Unemployment, male (% of male labor force) (modeled ILO estimate)",SL.UEM.TOTL.MA.ZS,23.143,23.056,23.022,22.919,22.88,22.876,22.796,22.686,22.558,22.649,22.654,22.571,22.424,22.363,22.334,22.207,22.089,22.109,22.155,22.168,23.531,23.455,22.101,21.882,21.769,21.779
Djibouti,DJI,"Unemployment, male (% of male labor force) (national estimate)",SL.UEM.TOTL.MA.NE.ZS,..,..,..,..,..,..,..,..,..,..,..,..,..,..,..,..,..,22.073,..,..,..,..,..,..,..,..
Djibouti,DJI,"Unemployment, total (% of total labor force) (modeled ILO estimate)",SL.UEM.TOTL.ZS,26.664,26.597,26.589,26.484,26.441,26.448,26.382,26.292,26.183,26.325,26.368,26.31,26.179,26.149,26.16,26.063,25.982,26.064,26.18,26.257,27.701,27.628,26.272,26.074,26.007,26.015
Djibouti,DJI,"Unemployment, total (% of total labor force) (national estimate)",SL.UEM.TOTL.NE.ZS,..,..,..,..,..,..,..,..,..,..,..,..,..,..,..,..,..,26.064,..,..,..,..,..,..,..,..
Djibouti,DJI,Broad money growth (annual %),FM.LBL.BMNY.ZG,1.12839045769977,7.52927311435523,15.6854460923828,17.7554005754705,13.8805177005977,11.3511100740185,11.6095322536969,8.22643082330746,21.0565733284375,17.0095712884247,12.2001689445392,-4.46690088257579,15.0441791999458,6.93626054670204,6.48767394886116,19.0250316086382,8.76586615499902,21.9188084661777,-5.58225556253918,8.78066001207737,19.379237787864,5.29558051534839,-1.68907589026452,7.67589368499659,..,..
Djibouti,DJI,Broad money (% of GDP),FM.LBL.BMNY.GD.ZS,53.7006470658488,55.6066709524961,62.2932983547634,69.7072167988537,74.1357186906019,77.592867975766,79.8159317940649,78.3291818465357,80.4738941721765,89.6739655348111,93.5269233579306,81.379142401454,85.7035473731029,60.6806525568338,59.4903174114541,64.8574020514867,65.6530204985804,75.4763016344219,67.5724322631324,69.3320390113449,81.3127120774606,79.3436309398751,74.2811224652688,73.096834266443,..,..
"Egypt, Arab Rep.",EGY,GDP (current US$),NY.GDP.MKTP.CD,99838543960.0763,96684636118.5984,85146067415.7303,80288461538.4615,78782467532.4675,89660339660.3397,107426086956.522,130437828371.278,162818181818.182,189147005444.646,218983666061.706,235989672977.625,279116666666.667,288434108527.132,305595408895.265,329366576819.407,332441717791.411,248362771739.13,262588632526.73,318678815489.749,383817841547.099,424671765455.704,476747720364.742,395926075163.006,389059911003.566,..
"Egypt, Arab Rep.",EGY,GDP growth (annual %),NY.GDP.MKTP.KD.ZG,6.37000382991766,3.53525197391507,2.39020402573726,3.19345473739745,4.0920716112534,4.47174447174434,6.84383819379117,7.08782742681038,7.15628356605819,4.67359979952391,5.1472348575531,1.7645719489982,2.22619979863525,2.18546605362143,2.91591187985748,4.37201907790141,4.34664345555447,4.18122099994778,5.3311086189448,5.55209307156956,3.55016483786838,3.29064601202211,6.58784560886967,3.76028052279247,2.3991692678251,..
"Egypt, Arab Rep.",EGY,GDP per capita (current US$),NY.GDP.PCAP.CD,1366.09274372613,1295.1374184163,1116.82884626213,1031.27556291284,991.255689145253,1105.53920713903,1298.97900203124,1547.74170735909,1896.21594269779,2161.63964573927,2455.08194645282,2590.64384891965,2996.0677072015,3025.52563552448,3133.39102265541,3306.98159414141,3270.6287768197,2395.10333299491,2484.70315630508,2962.98892023003,3511.11381026379,3827.35415374308,4233.30783744856,3456.78968456253,3338.47371395895,..
"Egypt, Arab Rep.",EGY,GDP per capita growth (annual %),NY.GDP.PCAP.KD.ZG,4.09609057659976,1.35955211640928,0.258696268364815,1.05358246778609,1.96524683873078,2.38032461797421,4.77751297935043,5.0854672784842,5.17381069878276,2.7155259206418,3.14977851168294,-0.354646267702748,-0.0429670178954922,-0.14323388107762,0.599558564006458,2.20415858015615,2.24497375649698,2.12015477172733,3.35166753247044,3.71584088573542,1.88111975917718,1.76220484283698,5.01555864991792,2.02315842412948,0.639636335125445,..
"Egypt, Arab Rep.",EGY,Market capitalization of listed domestic companies (% of GDP),CM.MKT.LCAP.GD.ZS,..,..,..,..,..,..,87.033236198802,106.774079068206,52.8061848129537,48.2203457493763,38.4854411818333,20.6999185106848,21.2033092494178,21.3669771285745,22.9334760798122,16.7569735013708,10.0237151349692,18.7411743209606,15.9967130320175,13.8697170478913,10.7736471638007,11.4750859284717,8.14958485176921,14.0345669269504,10.9482675534796,..
"Egypt, Arab Rep.",EGY,Market capitalization of listed domestic companies (current US$),CM.MKT.LCAP.CD,..,..,..,..,..,..,93496400000,139273790000,85978070000,91207340000,84276830000,48849670000,59181970000,61629650000,70083650000,55191870000,33323010781.2094,46546100000,42005550000,44199850000,41351180000,48731450000,38852960000,55566510000,42595320000,..
"Egypt, Arab Rep.",EGY,"Foreign direct investment, net (BoP, current US$)",BN.KLT.DINV.CD,-1184000000,-497500000,-619100000,-216700000,-1094400000,-5283600000,-9894400000,-10913300000,-7574400000,-6140400000,-5210100000,1108200000,-2586600000,-3891200000,-4359500000,-6743500000,-7900200000,-7209700000,-7817811000,-8605068000,-5525300000,-4755300000,-11058100000,-9450200000,-46069800000,..
"Egypt, Arab Rep.",EGY,"Foreign direct investment, net inflows (% of GDP)",BX.KLT.DINV.WD.GD.ZS,1.23699720670391,0.527384722609423,0.759753233043019,0.295683832335329,1.59083618380383,5.99551598885794,9.34856726566294,8.87633606337272,5.8314126186488,3.54835118019574,2.91601657550141,-0.204542848807527,1.00234071774049,1.45343420769727,1.50925042253521,2.10258128401326,2.43856278142762,2.98301550917695,3.10040077579187,2.82732944960686,1.52462948997172,1.20617861055665,2.39118080969079,2.48546398363597,11.9719350883142,..
"Egypt, Arab Rep.",EGY,"Stocks traded, total value (% of GDP)",CM.MKT.TRAD.GD.ZS,..,..,..,..,..,..,45.0205079326534,47.162599046724,58.8550240089336,39.3208815678373,16.9946008619261,6.73654478156225,6.12410222726458,4.41525798215438,8.65228312676056,4.4813593845902,3.03215989872602,5.8095731434164,5.51342221507865,3.35888345246605,4.18976875467282,4.94193909441551,2.35437727765381,5.01607023276341,5.21726074209017,..
"Egypt, Arab Rep.",EGY,"Stocks traded, total value (current US$)",CM.MKT.TRAD.CD,..,..,..,..,..,..,48363770000,61517870000,95826680000,74374270000,37215400000,15897550000,17093390000,12735110000,26440980000,14760100000,10080164453.5071,14428816885.2011,14477620000,10704050000,16081080000,20987020000,11224440000,19859930000,20298270000,..
"Egypt, Arab Rep.",EGY,Real interest rate (%),FR.INR.RINR,8.919600974251,11.2145133756357,10.300031943995,6.32702594810347,1.52690342883876,6.52364099171329,4.88079671789458,-0.0776285947232149,0.107853154662391,0.710036320068467,0.818721618124323,-0.563878053386473,-6.26271950249128,3.29215715258359,0.414129139027758,1.54106846018941,6.92201135491608,-8.75819408094445,-2.35870301315836,2.19909578279478,4.88781543020781,4.36620669870869,0.142669652477037,-5.64166239964291,-7.03099094109369,..
"Egypt, Arab Rep.",EGY,Domestic credit to private sector by banks (% of GDP),FD.AST.PRVT.GD.ZS,51.9532784475154,54.9311402286033,54.6553972024281,53.897628742515,54.0429142798269,51.1654340531105,49.2909797353084,45.5152215665951,42.7975137803462,36.0927133507004,33.0722952214189,31.1549232899382,27.388449729504,26.2224394958043,25.6066805392918,26.316393760305,34.1348626252639,27.0698246737254,24.2952790707642,22.8487308972763,25.7894742547866,28.2307543894277,30.847002116672,29.2578215393464,27.5692279729149,..
"Egypt, Arab Rep.",EGY,Domestic credit to private sector (% of GDP),FS.AST.PRVT.GD.ZS,51.9532784475154,54.9311402286033,54.6553972024281,53.897628742515,54.0429142798269,51.1654340531105,49.2909797353084,45.5152215665951,42.7975137803462,36.0927133507004,33.0722952214189,31.1549232899382,27.388449729504,26.2224394958043,25.6066805392918,26.316393760305,34.1348626252639,27.0698246737254,24.2952790707642,22.8487308972763,25.7894742547866,28.2307543894277,30.847002116672,29.2578215393464,27.5692279729149,..
"Egypt, Arab Rep.",EGY,Energy use (kg of oil equivalent per capita),EG.USE.PCAP.KG.OE,569.881356092312,634.095104088458,636.526193894253,647.53985335306,692.141360028845,778.769640304157,806.402489163819,844.384421346476,859.150259001023,862.435116243687,838.166707475228,860.053119855617,866.240866672303,825.189960336054,832.772090858109,810.817127279737,872.581407763809,897.218073562482,870.813573488394,844.783013447093,805.259456646637,857.821938469275,902.48842991302,928.39494742708,..,..
"Egypt, Arab Rep.",EGY,Electric power consumption (kWh per capita),EG.USE.ELEC.KH.PC,920.128329208633,966.76541772227,1011.67199728402,1072.59080857818,1110.81832363429,1175.17657364636,1239.35308997225,1322.40142460107,1360.32477759888,1422.61340119401,1611.5507866759,1558.76859948243,1562.35976897672,1504.84268639395,1576.47002900296,1566.91932601976,1478.93755564303,1564.91967674335,1557.63378420568,1509.96960963248,1431.42132830586,1459.17777451245,1477.94873388638,1492.89603600873,..,..
"Egypt, Arab Rep.",EGY,Oil rents (% of GDP),NY.GDP.PETR.RT.ZS,6.47222160611776,5.17066273278314,5.90580704386046,7.50637371077042,9.49448631419397,11.8509312061057,11.7296934107586,10.7818588338143,12.4545677729971,6.24755741424533,7.41778712942652,9.74186285549743,8.38345897037217,7.82863019779494,6.82340013626772,3.05526433674059,2.35006516963224,4.12683269397819,5.47658822874947,3.8819618632175,1.85770095140202,2.98581458250197,..,..,..,..
"Egypt, Arab Rep.",EGY,Gross fixed capital formation (current US$),NE.GDI.FTOT.CD,18919360046.969,17137951482.4798,15168539325.8427,13096153846.1538,12922077922.0779,16067266067.2661,20121739130.4346,27197898423.8177,36272727272.7273,35771324863.8839,42068965517.2414,39432013769.3632,41016666666.6667,37457364341.0853,38034433285.5093,44973045822.1024,48098159509.2025,40516304347.8261,48339898705.6837,59823462414.5786,65090455396.1322,69158699808.7954,86024316109.4225,59910943902.0611,45512764932.4624,..
"Egypt, Arab Rep.",EGY,Gross fixed capital formation (annual % growth),NE.GDI.FTOT.KD.ZG,9.02330040765725,-2.02790319523599,7.63116508385893,-13.983235370215,5.98906037610692,22.9369480569539,14.6951087044304,23.7647058823543,12.6324287098046,-14.0782937314818,6.90046768638462,-7.06390703754315,-9.73669651180403,-6.18078741657528,0.575271265354445,19.9805584037843,17.5952482542235,14.2327185582885,0.119695230729604,14.0312815442185,-20.5305313764245,-2.87605858207029,17.8819971549268,-16.6419334322663,-6.55391658189217,..
"Egypt, Arab Rep.",EGY,Gross fixed capital formation (% of GDP),NE.GDI.FTOT.ZS,18.9499558953249,17.7256202955116,17.8147268408551,16.311377245509,16.4022254275706,17.9201485608171,18.7307754573416,20.8512352309343,22.2780569514238,18.9119170984456,19.2110061329355,16.7092115819415,14.6951692840509,12.9864545259084,12.4460093896714,13.6544048447154,14.4681479294309,16.3133564922454,18.4089837555184,18.7723373838456,16.958684133537,16.285212588735,18.0439910742748,15.1318510349174,11.6981379076204,..
"Egypt, Arab Rep.",EGY,"Unemployment, female (% of female labor force) (modeled ILO estimate)",SL.UEM.TOTL.FE.ZS,22.844,21.838,24.078,23.403,26.429,24.602,23.786,18.283,18.726,22.187,21.941,22.317,23.911,24.091,23.915,24.68,23.507,22.824,21.333,21.312,17.631,15.924,14.454,15.166,15.282,15.307
"Egypt, Arab Rep.",EGY,"Unemployment, female (% of female labor force) (national estimate)",SL.UEM.TOTL.FE.NE.ZS,22.73,22.06,23.81,23.09,26.19,24.253,23.94,18.42,18.876,22.38,22.112,22.441,24.012,24.166,23.997,24.814,23.639,23.068,21.442,21.665,17.797,16.091,18.516,15.329,11.896,..
"Egypt, Arab Rep.",EGY,"Unemployment, male (% of male labor force) (modeled ILO estimate)",SL.UEM.TOTL.MA.ZS,5.085,5.613,6.29,7.531,5.863,7.212,6.637,5.777,5.487,4.996,4.733,8.722,9.196,9.766,9.697,9.341,8.83,8.159,6.767,4.747,5.925,5.569,4.842,4.568,4.615,4.564
"Egypt, Arab Rep.",EGY,"Unemployment, male (% of male labor force) (national estimate)",SL.UEM.TOTL.MA.NE.ZS,5.06,5.67,6.22,7.43,5.81,7.11,6.68,5.82,5.531,5.04,4.77,8.77,9.235,9.796,9.73,9.392,8.88,8.246,6.801,4.826,5.981,5.627,5.051,4.617,4.039,..
"Egypt, Arab Rep.",EGY,"Unemployment, total (% of total labor force) (modeled ILO estimate)",SL.UEM.TOTL.ZS,8.98,9.26,10.01,10.91,10.32,11.049,10.49,8.8,8.517,9.087,8.757,11.849,12.597,13.154,13.105,13.052,12.45,11.767,9.855,7.851,7.974,7.441,6.546,6.753,6.817,6.781
"Egypt, Arab Rep.",EGY,"Unemployment, total (% of total labor force) (national estimate)",SL.UEM.TOTL.NE.ZS,8.98,9.26,10.01,10.91,10.32,11.049,10.49,8.8,8.517,9.087,8.757,11.849,12.597,13.154,13.105,13.052,12.45,11.767,9.855,7.851,7.974,7.441,7.344,6.753,5.945,..
"Egypt, Arab Rep.",EGY,Broad money growth (annual %),FM.LBL.BMNY.ZG,11.5813216570176,13.2152512344865,12.6303720351456,21.2797596244131,16.239251112765,11.4893543447633,15.0021125763594,19.1142488177078,10.482895270236,9.47259209811699,12.4185133406482,6.66488573646992,12.3473047869843,18.8907165816396,15.7663852078814,18.6049644446138,39.5091419937945,20.4504936953442,13.3021398230358,13.2785108458676,19.7057863957347,18.3339089698408,27.1369749604278,19.9230710751383,31.0763084593873,..
"Egypt, Arab Rep.",EGY,Broad money (% of GDP),FM.LBL.BMNY.GD.ZS,76.7418994413408,82.3782826874826,87.8365003958828,96.6788502994012,96.6786258633835,97.137842448468,97.3873117113486,96.2064140574651,88.4042515689559,83.1559011993859,80.7455617272054,75.7939119305135,69.7154590593826,74.6118357615808,75.4426483751864,77.9858778916977,98.136132366497,87.6024678721874,77.765221186773,73.4545303449416,79.9747249270848,87.3864940734796,94.3926097523093,87.4174690822081,83.6993696393462,..
"Iran, Islamic Rep.",IRN,GDP (current US$),NY.GDP.MKTP.CD,109591707802.216,126878750295.944,128626917503.72,151911222119.488,187754571247.666,224970371324.67,265602187403.643,349736591832.418,406070949553.875,414059094949.063,487069570463.768,629082257472.368,644019315003.54,500399839839.877,462284793280.825,409191686496.677,478618064870.999,510239893417.645,411903303606.044,347988400957.999,280934329279.723,407350685583.335,422662261525.665,457510482317.483,475252089215.416,..
"Iran, Islamic Rep.",IRN,GDP growth (annual %),NY.GDP.MKTP.KD.ZG,5.84552747578209,2.39217271207868,8.07882927975243,8.6392983972006,4.33666597851041,3.18980408728824,4.99979526181222,8.15577352358517,0.250856553493634,1.00738545790475,5.79793830169604,2.6457179180628,-3.74717139864109,-1.52197920494184,4.98477506709476,-1.42488493937503,8.8150866425182,3.02685468694025,-3.74796015711334,-2.36143538770575,4.44180865358672,4.13089685034471,4.35281087521344,5.33235117216407,3.66312056830718,..
"Iran, Islamic Rep.",IRN,GDP per capita (current US$),NY.GDP.PCAP.CD,1650.01385833785,1881.02266635283,1891.25756091033,2208.99636552406,2672.4226651404,3132.0508192007,3618.91601364428,4687.99166260718,5377.4115072957,5415.52280553446,6291.19443655454,8025.68743364356,8114.08099831877,6222.74194840326,5672.06372896319,4952.73355532178,5710.59947089104,6000.93346404409,4783.01067340237,3997.4935449585,3202.50003502169,4605.14881318992,4721.20437099984,5049.29931642754,5190.16959024821,..
"Iran, Islamic Rep.",IRN,GDP per capita growth (annual %),NY.GDP.PCAP.KD.ZG,4.29451656429561,0.823553037936534,7.19000975928768,7.44180127291611,2.12837885127104,0.931246313659614,2.76183106993244,6.40171006806331,-0.959303455562093,-0.239219321569081,4.48194624429263,1.38495950276369,-4.94408603979183,-2.80061992960059,3.58412137758084,-2.75798228082138,7.26636493161325,1.55521443456146,-4.96761764341849,-3.40863263146464,3.64198271829557,3.26912440288719,3.10702656058911,4.07166849975252,2.57740906823993,..
"Iran, Islamic Rep.",IRN,Market capitalization of listed domestic companies (% of GDP),CM.MKT.LCAP.GD.ZS,24.3500722227639,5.81755414739133,9.14315621351955,18.131754596994,22.6894182745655,16.1977863064513,13.6725455294582,12.5480178582595,11.9961080824712,14.2935007881618,17.7883253756755,17.0231553549583,14.1293510738105,69.1000680796871,25.2308645439577,21.8548037389626,21.1040926813376,20.8390212862025,41.383601080081,111.689624978883,548.015909606787,370.253313269912,381.639170759524,450.183971647395,36.1036982043075,..
"Iran, Islamic Rep.",IRN,Market capitalization of listed domestic companies (current US$),CM.MKT.LCAP.CD,26685660000,7381240000,11760560000,27544170000,42600420000,36440220000,36314580000,43885010000,48712710000,59183540000,86641520000,107089650000,90995750000,345776630000,116638450000,89428040000,101008000000,106329000000,170460420000,388666940000,1539564820000,1508229410000,1613044750000,2059638860000,171583580000,..
"Iran, Islamic Rep.",IRN,"Foreign direct investment, net (BoP, current US$)",BN.KLT.DINV.CD,-39000000,..,..,..,..,..,..,..,..,..,..,..,..,..,..,..,..,..,..,..,..,..,..,..,..,..
"Iran, Islamic Rep.",IRN,"Foreign direct investment, net inflows (% of GDP)",BX.KLT.DINV.WD.GD.ZS,0.0355866340456932,0.321660450664957,2.73611498145264,1.89418626211609,1.61769687939769,1.28425430112768,0.872560020177082,0.5769461352122,0.487596567096289,0.720530462050838,0.74916862626536,0.679834574763516,0.723850091355471,0.609501593960532,0.45545387401938,0.500987695412685,0.70452835935243,0.983654956177998,0.576106085876311,0.433347777066285,0.47769170946132,0.34982143161472,0.354893288694741,0.310885408088419,0.304914200880697,..
"Iran, Islamic Rep.",IRN,"Stocks traded, total value (% of GDP)",CM.MKT.TRAD.GD.ZS,4.07017108269738,1.23527383138964,1.35360469938157,2.5758399843049,5.99596053783961,3.19947909478811,1.77482725051358,2.32945027493827,3.59989061420424,4.10289260814085,3.48761471258111,2.29053193423325,2.33865501377349,8.85408956449256,5.05445351861397,2.06377848785268,3.9048276500198,2.30120505051384,8.46249100088269,28.2361135398474,92.3709860113312,58.7546672855756,56.0607727656357,101.294671469059,3.96023508935466,..
"Iran, Islamic Rep.",IRN,"Stocks traded, total value (current US$)",CM.MKT.TRAD.CD,4460570000,1567300000,1741100000,3912990000,11257690000,7197880000,4713980000,8146940000,14618110000,16988400000,16987110000,14409330000,15061390000,44305850000,23365970000,8444810000,18689210535.0725,11741666197.0633,34857280000,98258400000,259501810000,239337540000,236947730000,463433740000,18821100000,..
"Iran, Islamic Rep.",IRN,Real interest rate (%),FR.INR.RINR,..,..,..,..,-6.46167586205947,-3.46702474568299,-0.508448114375972,-8.89795418340126,-6.21492024510556,7.07608797972097,-3.35048152380658,-16.797550089526,-6.68652747407881,-18.8451930586967,3.86413888968698,13.9854467563741,3.4497687580534,..,..,..,..,..,..,..,..,..
"Iran, Islamic Rep.",IRN,Domestic credit to private sector by banks (% of GDP),FD.AST.PRVT.GD.ZS,26.249781183445,30.0795827822114,29.1008806293968,32.4332547623977,35.071095896488,38.348153226962,44.7948027977428,47.0472761389845,45.3150694425274,49.2122294086103,52.0229498170448,49.2475078971103,49.6173234830957,44.5964991335657,48.9844792976358,56.3719593551977,57.8313383703997,..,..,..,..,..,..,..,..,..
"Iran, Islamic Rep.",IRN,Domestic credit to private sector (% of GDP),FS.AST.PRVT.GD.ZS,26.249781183445,30.0795827822114,29.1008806293968,32.4332547623977,35.071095896488,38.348153226962,44.7948027977428,47.0472761389845,45.3150694425274,49.2122294086103,52.0229498170448,49.2475078971103,49.6173234830957,44.5964991335657,48.9844792976358,56.3719593551977,57.8313383703997,..,..,..,..,..,..,..,..,..
"Iran, Islamic Rep.",IRN,Energy use (kg of oil equivalent per capita),EG.USE.PCAP.KG.OE,1852.22331549631,1978.79412795832,2029.89444244191,2074.56132136016,2214.59322138687,2404.02751143882,2459.04565215879,2559.87450273493,2710.16359978519,2671.57890823769,2639.09104238657,2658.13529591614,2740.3010468402,2758.13748400425,2883.07105746991,2736.74412885975,2860.59701763688,3028.21640684666,2911.05556416118,3188.80398470773,3252.6054710927,3336.19069126419,3266.12248660454,..,..,..
"Iran, Islamic Rep.",IRN,Electric power consumption (kWh per capita),EG.USE.ELEC.KH.PC,1528.20008004076,1619.83324291102,1727.13902893543,1870.93550701519,1972.19279189077,2019.74273287655,2135.3063675352,2206.27557348903,2313.71041135519,2390.06275682051,2534.26590219724,2553.26375806326,2650.22631811434,2692.36890385918,2872.45553163727,2861.302656876,3020.01278381479,3178.83474653166,3171.00961868621,3299.83413984305,3445.73798819091,3589.04808710116,3664.2587305343,..,..,..
"Iran, Islamic Rep.",IRN,Oil rents (% of GDP),NY.GDP.PETR.RT.ZS,30.6637746707723,21.4882168458321,20.4437414632993,22.0449174416527,25.1990020398231,31.6076762648214,31.5582038058527,26.1252401169156,30.5659738980313,17.5512587993854,20.2248363529261,22.3514589221281,18.4120723402826,21.2565665523955,21.2353758265799,12.2663527393474,10.8895031509112,14.6204399688795,27.6646471563106,20.0780490508657,13.2733495355914,18.2658980929233,..,..,..,..
"Iran, Islamic Rep.",IRN,Gross fixed capital formation (current US$),NE.GDI.FTOT.CD,34308181591.1359,45421828212.717,42763026208.2684,49611292550.7728,58651102450.2351,64245168625.5237,72368883368.0914,99122778537.9645,129628782789.43,127757504736.321,133227327755.615,182771852582.421,193553342282.708,137337770314.916,132078525647.52,103791528176.082,113987894731.871,122326860616.809,101048795091.607,87848325364.7597,85009474547.5889,116596099320.175,112614923364.16,125432547878.116,133579866225.372,..
"Iran, Islamic Rep.",IRN,Gross fixed capital formation (annual % growth),NE.GDI.FTOT.KD.ZG,8.44468672164582,24.6015760339794,6.67504969652717,6.3715103445283,7.89802941096771,4.00390722968626,-1.65397612314655,14.6657405419784,11.8647120701965,1.32266873488317,3.29577819235757,4.622494146591,-23.9337746880497,-11.5663312448435,7.18125323843194,-14.1215567979932,-1.68084049662873,-0.302621142260833,-15.7966693530589,-5.22608721591847,4.59936211868046,4.50094910706741,9.25054362124413,6.33258427924692,3.84353970902905,..
"Iran, Islamic Rep.",IRN,Gross fixed capital formation (% of GDP),NE.GDI.FTOT.ZS,31.305453924537,35.7993975403846,33.2457832607485,32.6580827002697,31.2381754864806,28.5571687717077,27.2470961461286,28.3421240021292,31.9226930495385,30.8548963891343,27.3528333188133,29.0537287312461,30.0539654282953,27.4456063692711,28.5708133962533,25.3650139045346,23.8160452139628,23.9743818926916,24.5321642742281,25.2446130741474,30.2595538130002,28.6230276385093,26.6441870058752,27.4163221884552,28.1071602327718,..
"Iran, Islamic Rep.",IRN,"Unemployment, female (% of female labor force) (modeled ILO estimate)",SL.UEM.TOTL.FE.ZS,19.383,20.795,21.852,18.942,16.2,17.687,16.578,16.174,17.008,17.102,20.838,21.187,19.921,20.016,19.907,19.624,20.902,20.009,19.062,17.633,15.739,16.098,15.878,15.11,15.116,15.593
"Iran, Islamic Rep.",IRN,"Unemployment, female (% of female labor force) (national estimate)",SL.UEM.TOTL.FE.NE.ZS,..,..,22.4,..,17.8,17.608,16.508,16.097,16.918,17.04,20.74,21.063,19.787,19.874,19.764,19.503,20.776,19.924,18.965,17.547,15.668,16.011,15.823,15.018,14.267,..
"Iran, Islamic Rep.",IRN,"Unemployment, male (% of male labor force) (modeled ILO estimate)",SL.UEM.TOTL.MA.ZS,10.314,10.732,10.926,9.893,8.919,10.357,10.295,9.529,9.315,11.028,12.154,10.78,10.651,8.808,8.971,9.453,10.746,10.371,10.56,9.144,8.504,8.011,7.755,6.721,6.727,6.819
"Iran, Islamic Rep.",IRN,"Unemployment, male (% of male labor force) (national estimate)",SL.UEM.TOTL.MA.NE.ZS,..,..,11.2,..,9.8,10.311,10.252,9.484,9.266,10.988,12.097,10.717,10.579,8.746,8.907,9.395,10.681,10.327,10.506,9.099,8.466,7.968,7.728,6.68,6.237,..
"Iran, Islamic Rep.",IRN,"Unemployment, total (% of total labor force) (modeled ILO estimate)",SL.UEM.TOTL.ZS,11.698,12.362,12.8,11.529,10.3,11.813,11.519,10.772,10.63,12.113,13.679,12.491,12.275,10.595,10.68,11.166,12.618,12.232,12.195,10.74,9.687,9.282,9.085,8.129,8.146,8.301
"Iran, Islamic Rep.",IRN,"Unemployment, total (% of total labor force) (national estimate)",SL.UEM.TOTL.NE.ZS,..,..,12.8,..,10.3,11.813,11.519,10.772,10.63,12.113,13.679,12.491,12.275,10.595,10.68,11.166,12.618,12.232,12.195,10.74,9.687,9.282,9.085,8.129,7.631,..
"Iran, Islamic Rep.",IRN,Broad money growth (annual %),FM.LBL.BMNY.ZG,35.3701697231687,29.3118175038997,28.4132434126088,27.2630757220921,28.6814130292837,32.8478907539097,36.3507004721611,33.8961602848014,11.8769180990585,27.0335927586022,24.5812622090235,20.1654888444675,33.9789194975165,26.0394302110046,35.0985423671399,24.3681300934198,27.9590145407971,..,..,..,..,..,..,..,..,..
"Iran, Islamic Rep.",IRN,Broad money (% of GDP),FM.LBL.BMNY.GD.ZS,37.1550948519383,40.8721462622172,37.8563477022753,39.1969107529773,38.7646215000619,41.5308792818645,47.0675292206663,47.3968984443766,44.2912620049814,53.2547045266019,54.1146898175522,47.4861795158596,55.5663119204692,51.996003252761,60.9614203205843,76.7612720666369,79.1355189357989,..,..,..,..,..,..,..,..,..
Iraq,IRQ,GDP (current US$),NY.GDP.MKTP.CD,48364250943.9051,36176430128.8057,32928454672.4246,21921569478.8163,36633669269.3981,50065104667.8159,65147051918.0219,88837057319.5179,131614434153.505,111657580326.315,138516722649.573,185749664444.444,218002476129.472,234637675128.645,228415656174.957,166774104959.102,166743557747.671,187217660050.676,227367469034.031,233636097800.338,180898797516.874,209691945713.103,287372232137.931,268881051643.549,279641257615.385,..
Iraq,IRQ,GDP growth (annual %),NY.GDP.MKTP.KD.ZG,16.7961344440251,1.76660876568174,-8.20370481187175,-36.6567804383165,53.3855472887501,1.67522863586828,5.63829915220637,1.88853936243953,8.22810710383277,3.37929909442771,6.40256484471193,7.546471200426,13.9364301737537,7.62828592298754,2.26368817563613,2.60676642939541,13.7873730187089,-1.81975035118309,2.63385099105624,5.51379057542323,-12.0367930931152,1.50218070952037,7.95904804992662,0.517705525131191,-1.54525198318304,..
Iraq,IRQ,GDP per capita (current US$),NY.GDP.PCAP.CD,1980.18916038782,1435.695683789,1266.15961275094,817.887862499622,1328.37157628292,1762.39360423421,2276.55435744086,3128.99010329066,4542.96609046032,3714.71205987194,4461.75196161555,5775.54229080293,6477.59618450955,6650.35282247395,6249.39226978969,4440.14189252367,4334.42096404188,4759.2846435467,5646.68932074742,5671.8568632942,4295.18945121228,4868.49431080783,6520.73154560584,5965.31835077761,6073.61032342708,..
Iraq,IRQ,GDP per capita growth (annual %),NY.GDP.PCAP.KD.ZG,13.0301611362924,-1.35847551126994,-11.0582696179366,-38.5382182871903,49.0738525824483,-1.29394759634579,4.86652515076509,2.69566336957755,6.06351402987207,-0.359808708496018,3.01924651269078,3.81441942451566,8.88055394419878,2.6646473210161,-1.2842545257663,-0.153622231589026,11.0984155585203,-3.98546687274897,0.267762550620816,3.14043943264693,-13.9675322686437,-0.74745630947109,5.51097802061808,-1.72015237086252,-3.6151190083088,..
Iraq,IRQ,Market capitalization of listed domestic companies (% of GDP),CM.MKT.LCAP.GD.ZS,..,..,..,..,..,..,..,..,..,..,..,..,..,..,..,..,..,..,..,..,..,..,..,..,..,..
Iraq,IRQ,Market capitalization of listed domestic companies (current US$),CM.MKT.LCAP.CD,..,..,..,..,..,..,..,..,..,..,..,..,..,..,..,..,..,..,..,..,..,..,..,..,..,..
Iraq,IRQ,"Foreign direct investment, net (BoP, current US$)",BN.KLT.DINV.CD,..,..,..,..,..,-426600000,-78000000,-963900000,-1822100000,-1526400000,-1271300000,-1716000000,-2910000000,2562400000,10417900000,7721900000,6560200000,5110200000,5073500000,3269800000,3006300000,2771900000,2326500000,5649700000,8087600000,..
Iraq,IRQ,"Foreign direct investment, net inflows (% of GDP)",BX.KLT.DINV.WD.GD.ZS,-6.61645727484025E-05,-0.0183987197639496,-0.00099002520234575,4.56171717525217,0.818918786960291,1.02925980764254,0.587900739517653,1.09391286623188,1.40995173662765,1.43142990859109,1.00796493975113,1.12086339764167,1.55961531280073,-0.995279210263068,-4.45521124532956,-4.54159235443502,-3.75180911604806,-2.68799428357231,-2.14854834807913,-1.31640616709339,-1.58049696252586,-1.25770209772783,-0.726653366772653,-1.99474822313262,-2.73525447039729,..
Iraq,IRQ,"Stocks traded, total value (% of GDP)",CM.MKT.TRAD.GD.ZS,..,..,..,..,..,..,..,..,..,..,..,..,..,..,..,..,..,..,..,..,..,..,..,..,..,..
Iraq,IRQ,"Stocks traded, total value (current US$)",CM.MKT.TRAD.CD,..,..,..,..,..,..,..,..,..,..,..,..,..,..,..,..,..,..,..,..,..,..,..,..,..,..
Iraq,IRQ,Real interest rate (%),FR.INR.RINR,..,..,6.3162297490151,1.00467431736401,-3.44545528691039,-16.5153940840534,-7.05304688818081,3.79616043966188,-8.4197228819977,44.3309717275955,-1.92209457308135,-8.46792182914735,10.9065508616124,13.5878727603533,18.2890590602934,57.625931221869,26.3997082773689,..,..,..,..,..,..,..,..,..
Iraq,IRQ,Domestic credit to private sector by banks (% of GDP),FD.AST.PRVT.GD.ZS,..,..,..,..,1.26603487563051,1.55183493493952,2.25904090585271,2.47119635663616,2.68027482643047,3.77780931949674,5.39282906972036,5.38712042876985,5.90755944993835,6.33564916159929,6.81429545062197,9.8758223889244,10.0766837568499,9.54983973287939,8.58001733266219,8.80896032816847,13.3148576834755,11.1956027502836,9.54125684121782,12.5518993190744,13.9566761171787,..
Iraq,IRQ,Domestic credit to private sector (% of GDP),FS.AST.PRVT.GD.ZS,..,..,..,..,1.26692713974143,1.55617716768862,2.26399132037921,2.47580446081963,2.68222036334891,3.77873014813253,5.39309563014871,5.41445203995753,5.90755944993835,6.33564916159929,6.81429545062197,9.8758223889244,10.0766837568499,9.54983973287939,8.58001733266219,8.80896032816847,13.3148576834755,11.1956027502836,9.54125684121782,12.5518993190744,13.9566761171787,..
Iraq,IRQ,Energy use (kg of oil equivalent per capita),EG.USE.PCAP.KG.OE,1090.52205809652,1183.92315753963,1092.98165469695,939.517629598492,980.249444124443,949.253481740859,916.179043545813,909.133658720632,962.301839872785,995.7798442565,1064.17152061051,1125.37331940921,1190.03229059907,1175.83271780348,1082.71904877674,998.349545341439,1076.62803028259,1185.88106304283,1287.12364484767,1319.43951211192,1143.12626352051,1275.01138784403,1411.58869867393,..,..,..
Iraq,IRQ,Electric power consumption (kWh per capita),EG.USE.ELEC.KH.PC,1193.90489442048,1191.96724798634,1212.6556227604,995.162457575571,1147.15135080371,792.785047076386,941.763873064208,768.818756895304,753.821851589981,831.952512402104,1185.10440495371,1255.54142130025,1081.30057481773,1343.03652778759,1252.0910020966,987.738859417205,1112.43605247329,1156.81398288288,1019.45520576063,1104.84586986202,1184.44969626588,1382.15291880231,1373.11648315901,..,..,..
Iraq,IRQ,Oil rents (% of GDP),NY.GDP.PETR.RT.ZS,48.5807178166885,49.1960317224957,46.6719927539111,53.0047978158982,64.6550924823725,65.1575951980304,63.5551402676835,52.9273802567399,55.3793146361864,39.1145928006965,43.2562312170542,50.9263659501053,49.6110993818029,45.3313602184612,46.6038527995508,37.2575416723352,32.9650560560142,38.9203120843433,45.7658631354446,40.2312783051026,27.035001916172,42.7870984915076,..,..,..,..
Iraq,IRQ,Gross fixed capital formation (current US$),NE.GDI.FTOT.CD,1411285155.64802,2216615062.65159,1765164148.91397,2334856329.92991,1966586851.86563,6932627248.14629,11525634956.2006,6002189988.25188,19479507872.1437,11513544550.6259,22438270769.2308,31842110598.2906,32705557158.5868,47201266037.7358,47887995626.072,43389982336.7761,24304156816.2574,27305976097.973,32219138955.8233,46175981387.4789,14054164290.7719,21224031724.1379,27837896137.931,41084593729.8119,54313014881.6154,..
Iraq,IRQ,Gross fixed capital formation (annual % growth),NE.GDI.FTOT.KD.ZG,..,..,..,..,..,..,..,..,137.082200079454,-27.9755489141934,67.1546414417385,13.8106219059091,-0.28765611980495,44.3185640010852,6.57769973591884,27.3315613710073,-36.2522719331504,-1.75656702349254,-0.283888560710778,47.1634000517618,-65.4224506416764,32.2367489278798,3.32478698886555,-8.617471004961,6.77210025041168,..
Iraq,IRQ,Gross fixed capital formation (% of GDP),NE.GDI.FTOT.ZS,2.91803372967543,6.12723548111122,5.36060427515955,10.6509542219875,5.36824973060621,13.8472241177654,17.6917214468951,6.75640343045579,14.8004343121091,10.3114759579941,16.1989616416181,17.1424862023448,15.0023787524152,20.1166611507963,20.9652860176063,26.0172179292563,14.5757696096639,14.5851497612895,14.1705139669743,19.7640612140938,7.76907557357365,10.1215292995451,9.68705150488221,15.2798397204564,19.4223897234495,..
Iraq,IRQ,"Unemployment, female (% of female labor force) (modeled ILO estimate)",SL.UEM.TOTL.FE.ZS,7.008,7.15,7.395,7.618,7.468,7.38,7.282,7.441,8.426,9.502,10.493,11.552,12.429,17.102,21.83,22.258,22.141,30.761,29.529,28.643,29.226,28.21,29.746,29.61,29.655,30.093
Iraq,IRQ,"Unemployment, female (% of female labor force) (national estimate)",SL.UEM.TOTL.FE.NE.ZS,..,..,..,..,..,..,..,7.439,..,..,..,..,12.424,..,21.92,..,22.22,30.96,..,..,..,28.308,..,..,..,..
Iraq,IRQ,"Unemployment, male (% of male labor force) (modeled ILO estimate)",SL.UEM.TOTL.MA.ZS,8.178,8.404,8.798,9.163,8.912,8.766,8.605,8.861,8.473,8.223,7.876,7.607,7.19,7.774,8.405,8.573,8.46,10.194,10.824,11.633,13.635,14.229,13.149,13.048,13.081,13.252
Iraq,IRQ,"Unemployment, male (% of male labor force) (national estimate)",SL.UEM.TOTL.MA.NE.ZS,..,..,..,..,..,..,..,8.858,..,..,..,..,7.187,..,8.44,..,8.49,10.26,..,..,..,14.279,..,..,..,..
Iraq,IRQ,"Unemployment, total (% of total labor force) (modeled ILO estimate)",SL.UEM.TOTL.ZS,8.038,8.249,8.619,8.959,8.715,8.57,8.411,8.646,8.466,8.415,8.267,8.193,7.965,9.222,10.59,10.865,10.82,13.02,13.458,14.096,15.766,16.173,15.41,15.239,15.293,15.485
Iraq,IRQ,"Unemployment, total (% of total labor force) (national estimate)",SL.UEM.TOTL.NE.ZS,..,..,..,..,..,..,..,8.646,..,..,..,..,7.965,..,10.59,..,10.82,13.02,..,..,..,16.173,..,..,..,..
Iraq,IRQ,Broad money growth (annual %),FM.LBL.BMNY.ZG,..,..,..,..,..,3.70658378091696,33.8005437245099,37.1052731582911,35.2150693048346,26.703991944018,31.2062745410482,20.6944948754136,4.16942629075962,15.967066704939,3.88416860986252,-9.09958700945089,7.02624979285342,2.64261400614414,2.72857964057294,8.43940152240707,15.9173902884236,16.6627815658499,20.3061051345808,7.5370802876684,-3.75654435122602,..
Iraq,IRQ,Broad money (% of GDP),FM.LBL.BMNY.GD.ZS,..,..,..,..,26.966878391243,20.2465658168836,20.8397209059232,24.504536970164,23.518118982104,35.8160599684758,37.8818477750462,34.0951641451793,30.3618243387,32.7178933527608,34.9145604974323,43.4183533850378,45.9397049158774,41.8905778293773,35.4719338243209,37.4572458230051,55.5992844084916,46.0070547829474,40.3876930700724,51.1548145806622,47.912264849073,..
Jordan,JOR,GDP (current US$),NY.GDP.MKTP.CD,8460789844.8519,8975814652.8196,9582510578.27927,10195627644.5698,11411706629.055,12588998589.5628,15056981664.3159,17110437235.543,22658715989.3302,24537876056.338,27133804225.3521,29524149154.9296,31634561690.1408,34454440140.8451,36847643521.1268,38587017887.3239,39892551126.7606,41608435915.493,43370860704.2254,44503006338.0282,43700383098.5916,46296100140.8451,48764963380.2817,51088476338.0282,53352289577.4648,..
Jordan,JOR,GDP growth (annual %),NY.GDP.MKTP.KD.ZG,4.24571192079179,5.26995757513571,5.78380792679296,4.16166755544407,8.56721424236899,8.14659481079931,8.09297527811933,8.17616995204646,7.22038637280139,5.02371007272669,2.31483422063046,2.73717988632104,2.42935800100238,2.60994737548631,3.38407809933472,2.49652879315188,1.9941808493012,2.47359815449045,1.91907091341564,1.75124077866225,-1.10275188309046,3.65564358999147,2.64743514912058,2.88408339281683,2.48889409603647,..
Jordan,JOR,GDP per capita (current US$),NY.GDP.PCAP.CD,1570.61002940477,1632.29454010563,1706.26744384401,1775.67625581432,1940.08641342805,2087.87079273635,2342.63459574933,2506.20599484139,3241.6524135556,3435.8337590698,3718.46571622945,3946.85503855525,4169.50470054618,4311.21916713038,4191.18050084986,4042.75678097555,3986.71677010853,4065.61628749384,4145.43989673265,4170.1144003465,4022.0401356135,4183.49998326866,4332.25159897931,4466.08314208575,4618.09592498567,..
Jordan,JOR,GDP per capita growth (annual %),NY.GDP.PCAP.KD.ZG,2.10734677821851,3.12682361391026,3.57676471497919,1.88023738458077,5.97888573730077,5.50057037395844,1.4032017956128,1.84052436528839,4.72560086199387,2.79012172938629,0.137449407888951,0.218599818569089,0.988823291779653,-2.58592238614169,-6.02217249989295,-5.58980174753611,-2.71126216102509,0.192083988017671,-0.302781677584093,-0.247049289948436,-2.86253982856009,1.77173055809841,0.915646680170994,1.23863426474166,1.48055685000026,..
Jordan,JOR,Market capitalization of listed domestic companies (% of GDP),CM.MKT.LCAP.GD.ZS,..,..,..,..,..,..,..,238.675724283465,158.414536891245,129.704176216911,113.748959577007,92.0704602098967,85.2468899811077,74.7782575908316,69.3527660333231,65.9610703120991,61.6003503237498,57.6050492469371,52.4316087593451,47.2695930702197,41.6601839826589,47.2084688202877,52.1461275418128,46.7651840738418,46.675635098739,..
Jordan,JOR,Market capitalization of listed domestic companies (current US$),CM.MKT.LCAP.CD,..,..,..,..,..,..,..,40838460000,35894700000,31826650000,30864420000,27183020000,26967480000,25764430000,25554860000,25452410000,24573951247.1655,23968560000,22740040000,21036390000,18205660000,21855680000,25429040000,23891620000,24902520000,..
Jordan,JOR,"Foreign direct investment, net (BoP, current US$)",BN.KLT.DINV.CD,-904654442.877292,-242034350.395277,-224400591.495095,-550634696.755994,-918617771.509167,-1821297602.2567,-3682087447.1086,-2574048817.49506,-2813926351.94256,-2340704225.35211,-1659943661.97183,-1455211267.60563,-1543039436.61971,-1930929598.40829,-2095070422.53521,-1599295774.64788,-1549718309.85915,-2023098591.54929,-962535211.267605,-686338028.169014,-733943661.97183,-605915492.957746,-840563380.28169,-1857605633.80281,-1580563380.28169,..
Jordan,JOR,"Foreign direct investment, net inflows (% of GDP)",BX.KLT.DINV.WD.GD.ZS,10.7940053678297,3.04850514227071,2.48601734100151,5.36472671434697,8.2092227069918,15.7636461414358,23.5372913427131,15.3248262609959,12.4753075049094,9.83417874476547,6.22247566973912,5.03335872688489,4.89480688682321,5.64977168714588,5.91204890205889,4.14720229174937,3.89285142868971,4.87814133167977,2.20177686575576,1.63970565115643,1.73975978294192,1.34316062049226,1.97382535440765,3.92718313792336,3.06387579665258,..
Jordan,JOR,"Stocks traded, total value (% of GDP)",CM.MKT.TRAD.GD.ZS,5.57158384316602,10.5104665870484,13.9754607006182,25.6639423409465,46.8834344757691,189.177874876759,129.887918017123,101.850699430399,120.010242472719,52.5935087876793,31.6850520796755,13.2006852409132,8.62910643977962,9.94765837433206,8.39204275906282,9.21289126405343,6.47871278352532,5.61069100149972,5.44974197334693,3.7860812979734,3.37067983289024,5.82221826849279,5.2032439360469,4.01750090650525,2.82990666746892,..
Jordan,JOR,"Stocks traded, total value (current US$)",CM.MKT.TRAD.CD,471400000,943400000,1339200000,2616600000,5350200000,23815600000,19557200000,17427100000,27192780000,12905330000,8597360000,3897390000,2729780000,3427410000,3092270000,3554980000,2584523809.52381,2334520769.77534,2363600000,1684920000,1473000000,2695460000,2537360000,2052480000,1509820000,..
Jordan,JOR,Real interest rate (%),FR.INR.RINR,12.2637923498281,10.0838838062209,9.16988049807552,6.99911416680844,5.00662804674494,5.4900361978485,-2.23328555079656,3.4533894775559,-11.8076616278916,5.89858086102657,0.87595563748754,2.64640624425561,3.99019709985347,2.70046942578587,5.36000685759248,6.17297626649221,6.66225302949733,6.4939601895352,6.24663101401516,7.75516318410271,8.24786468054413,4.70847287120055,4.6311069833054,6.99859999480619,6.45915807416678,..
Jordan,JOR,Domestic credit to private sector by banks (% of GDP),FD.AST.PRVT.GD.ZS,71.8672379015453,75.4938164904065,72.5257580217839,70.5936060425803,74.4725555871411,87.8878730841624,91.6027502482343,91.4851664702052,78.3164677080297,73.2109348399129,71.1563420110905,71.7325414665681,71.1998948128528,70.4428924868225,66.5781944823204,66.626310702468,70.8722540839201,74.4154970655683,75.5472374681331,76.8273485260285,83.0619780311946,81.8944564518806,84.1568832137245,81.7357060109821,80.0728593488692,..
Jordan,JOR,Domestic credit to private sector (% of GDP),FS.AST.PRVT.GD.ZS,72.0874022704919,75.7083929160708,72.7396231969385,70.8022327666109,74.6988592122014,88.0918929819844,91.7685988347041,91.6320592187152,78.4345636727236,73.3197634332712,71.2547588240457,71.8259479340805,71.2890289167952,70.5272251240948,66.6639415522239,66.7111710317066,70.9530803561467,74.4929698437643,75.6212145728557,76.8998139579809,83.1365317979583,81.9629622069253,84.2333003504334,81.8151952854052,80.1570512555613,..
Jordan,JOR,Energy use (kg of oil equivalent per capita),EG.USE.PCAP.KG.OE,903.243088042685,876.037093986667,900.964957727455,900.985989582586,1057.17652422962,1107.30679497061,1066.3573147471,1055.84777945071,1011.34553533121,1044.29967184826,973.413219547318,944.486189633114,1034.50305837685,966.849898090231,930.16049745624,903.433667037898,887.616759444148,917.041568368822,869.212005052558,811.583012032737,754.943831707803,725.458661893959,754.305503117865,..,..,..
Jordan,JOR,Electric power consumption (kWh per capita),EG.USE.ELEC.KH.PC,1226.66929029348,1256.2526209816,1327.08554351035,1364.89633614939,1472.27306891241,1509.22442946756,1565.02557577585,1634.19203726491,1733.08043387384,1749.15038366631,1836.49733186443,1891.87136985818,2044.91107108132,1976.39858510132,1897.12808998477,1820.16692144952,1788.46128669876,1830.03580339148,1759.55472913906,1725.46739842077,1713.99992710691,1739.50666325934,1790.64757104556,..,..,..
Jordan,JOR,Oil rents (% of GDP),NY.GDP.PETR.RT.ZS,0.00382518728310133,0.00270497731455219,0.00236581016892771,0.00236399852541283,0.00252507093423412,0.00299417370715913,0.00336695469227265,0.0032269913821269,0.0047965442664046,0.00223180513092879,0.00222485703710613,0.00229864970418629,0.00247522898810274,0.00191267840155804,0.00161998790264992,0.000429911043278417,0.000250812593463262,0.000211794657558038,0.000980515945675632,0.000787731412940435,0.000467720334463903,0.0143633135367042,..,..,..,..
Jordan,JOR,Gross fixed capital formation (current US$),NE.GDI.FTOT.CD,1786459802.53879,1743060129.79155,1815655853.31453,2102679830.74753,2828490832.15797,3855712270.80395,3832299012.69394,4702538787.02398,7141377575.67986,7542253521.12676,8371830985.91549,8398591549.29578,7694366197.1831,7701408450.70423,8191549295.77465,8423943661.97183,7994366197.1831,8383098591.5493,8843661971.83099,8174647887.32394,8254929577.46479,10260563380.2817,..,..,..,..
Jordan,JOR,Gross fixed capital formation (annual % growth),NE.GDI.FTOT.KD.ZG,..,..,..,..,..,..,..,..,..,..,..,..,..,..,..,..,..,..,..,..,..,..,..,..,..,..
Jordan,JOR,Gross fixed capital formation (% of GDP),NE.GDI.FTOT.ZS,21.1145748245453,19.4195200905134,18.9476008242567,20.6233485965665,24.785870545922,30.6276328762212,25.451973696536,27.4834518971586,31.5171326523651,30.7371897380606,30.8538784918828,28.4465151060703,24.3226578340142,22.3524411345008,22.2308633958586,21.8310305465174,20.0397466980254,20.1475936480175,20.3907919470212,18.3687542932097,18.8898334342768,22.1629108047251,..,..,..,..
Jordan,JOR,"Unemployment, female (% of female labor force) (modeled ILO estimate)",SL.UEM.TOTL.FE.ZS,21.272,20.598,22.111,20.921,23.532,26.167,25.337,25.934,24.775,24.481,21.91,21.352,20.125,22.314,20.879,22.759,24.082,27.336,24.099,23.993,25.348,26.175,26.868,23.072,23.136,23.339
Jordan,JOR,"Unemployment, female (% of female labor force) (national estimate)",SL.UEM.TOTL.FE.NE.ZS,21,20.5,21.9,20.8,..,25.9,25,25.6,24.4,24.1,21.7,21.2,19.9,22.2,20.7,22.55,24.125,27.164,24.116,24.115,25.442,26.227,26.956,23.132,..,..
Jordan,JOR,"Unemployment, male (% of male labor force) (modeled ILO estimate)",SL.UEM.TOTL.MA.ZS,12.46,13.766,14.135,13.478,13.186,12.932,12.06,10.435,10.255,10.463,10.501,11.079,10.518,10.654,10.187,11.077,13.296,15.869,16.991,15.366,17.874,18.511,16.383,15.097,15.155,14.905
Jordan,JOR,"Unemployment, male (% of male labor force) (national estimate)",SL.UEM.TOTL.MA.NE.ZS,12.3,13.7,14,13.4,..,12.8,11.9,10.3,10.1,10.3,10.4,11,10.4,10.6,10.1,10.975,13.32,15.769,17.003,15.444,17.94,18.548,16.437,15.137,..,..
Jordan,JOR,"Unemployment, total (% of total labor force) (modeled ILO estimate)",SL.UEM.TOTL.ZS,13.7,14.7,15.3,14.5,14.626,14.8,14,13.1,12.7,12.9,12.5,12.9,12.2,12.6,11.9,13.075,15.275,18.12,18.257,16.801,19.213,19.837,18.2,16.62,16.693,16.535
Jordan,JOR,"Unemployment, total (% of total labor force) (national estimate)",SL.UEM.TOTL.NE.ZS,13.7,14.7,15.3,14.5,..,14.8,14,13.1,12.7,12.9,12.5,12.9,12.2,12.6,11.9,13.075,15.275,18.12,18.257,16.801,19.213,19.837,18.2,16.62,..,..
Jordan,JOR,Broad money growth (annual %),FM.LBL.BMNY.ZG,7.62309543363157,8.10277080861376,8.59077544816281,16.614721334807,10.461572851306,21.4143478001091,12.8359407017306,12.4250781293736,21.0942090736807,24.2896335283102,9.22337747832293,2.69780011899613,-2.04208016363462,14.1554418331357,-4.16142494926554,7.54007364619577,4.34340525561811,-0.044576434729501,0.156451378577314,5.13043334204516,5.73527582553463,7.03569292231946,5.37842889123464,2.08648850573889,6.09455816362011,..
Jordan,JOR,Broad money (% of GDP),FM.LBL.BMNY.GD.ZS,112.550502608899,114.691625940883,116.65646158375,127.85788592693,126.183366498165,138.877386394192,131.018388069768,129.620073693668,118.416732985521,135.844660269964,134.178970455283,126.642330067935,115.780125452734,121.352089680381,108.74845245007,111.676531687872,112.713602214943,108.017249160382,103.789971242589,106.338991433445,114.502915625995,115.687385374212,115.737535795106,112.778794714048,114.575153107322,..
Kuwait,KWT,GDP (current US$),NY.GDP.MKTP.CD,37718743480.0751,34889559869.8326,38135788413.8276,47874582231.588,59439090600.6108,80798630136.9863,101557330723.423,114634043361.692,147379737229.753,105968691905.415,115416245241.742,154039231245.856,174047662680.041,174168116534.844,162650450684.725,114585555688.511,109406674124.652,120687539805.505,138646316350.727,140856394860.529,111045470605.715,148350671489.144,183502046693.878,165384407116.233,160227273053.334,..
Kuwait,KWT,GDP growth (annual %),NY.GDP.MKTP.KD.ZG,4.69458187079211,0.213332576499354,3.01428315192251,17.3260204175143,10.2402980586354,10.6090449840228,7.51477300024021,5.99157551059315,2.47975694278544,-7.07605643073411,-2.37054804425912,9.62863419534361,6.62587485078971,1.14946552780648,0.500914669444924,0.592770817217982,2.92607584256388,-4.71222270495362,2.74333045031415,2.26381706595791,-4.81731593381585,1.67213054307859,6.75866711966617,-1.6672059801285,-2.56011099967517,..
Kuwait,KWT,GDP per capita (current US$),NY.GDP.PCAP.CD,19296.3471698729,17374.2318664227,18512.7523035862,22690.655175144,27552.2827399787,36122.6142741227,42946.6374104066,45709.4132876371,55585.1889344442,37907.1001320042,39212.252220155,49169.6063813095,52155.2225833921,49651.0439275077,44368.7813457751,29882.2126495698,27323.6890735517,29047.6536135703,32067.9623756889,31707.8737443551,25236.0755848941,34018.6342592913,39981.7691035833,34075.849012909,32717.7186631255,..
Kuwait,KWT,GDP per capita growth (annual %),NY.GDP.PCAP.KD.ZG,1.76596434147542,-2.45214152569666,0.421240897856848,14.5507976912199,7.81613775807561,6.67935670476243,1.6976352381691,-0.0585846444072189,-3.06795857769427,-11.8648164745831,-7.27588260300011,2.99936488052495,0.0983286715542846,-3.77371634598551,-3.83157244878866,-3.83270102171981,-1.43152053599024,-8.16879129164303,-1.26570110779524,-0.471027490632153,-3.90774915473197,2.59077518987651,1.43711284054184,-7.01146413379739,-3.43244663969313,..
Kuwait,KWT,Market capitalization of listed domestic companies (% of GDP),CM.MKT.LCAP.GD.ZS,51.5921215940814,64.8718702226168,82.4952657556514,127.315074427498,122.652717703677,128.368834748995,105.421449379732,..,..,..,..,..,..,..,..,83.8792371538297,..,..,..,83.8740123350311,95.4445412513251,92.0929164853812,83.2050719601561,79.2909393857414,88.2998988274027,..
Kuwait,KWT,Market capitalization of listed domestic companies (current US$),CM.MKT.LCAP.CD,19459900000,22633510000,31460220000,60951560000,72903660000,103720260000,107063210000,..,..,..,..,..,..,..,..,96113490000,..,..,..,118141910000,105986840000,136620460000,152683010000,131134850000,141480520000,..
Kuwait,KWT,"Foreign direct investment, net (BoP, current US$)",BN.KLT.DINV.CD,-319476753.583722,-1802194457.87977,-80285803.8614191,-4892763859.26123,2557516118.08618,4907876712.32876,8089222333.77321,9672642456.13084,9096510276.50726,7468230975.33607,4585217036.30391,7513857824.0973,3868720777.90999,15214373332.9333,12622103205.462,5154974475.20378,6110599561.98838,6925158962.32026,2993147632.14191,4163565127.17483,3711974759.05561,-1968628399.24373,23796283534.2816,9086529158.46388,9708694797.52913,..
Kuwait,KWT,"Foreign direct investment, net inflows (% of GDP)",BX.KLT.DINV.WD.GD.ZS,0.0432141499494191,-0.319626515627052,0.00949093260661862,-0.140181900729054,0.0399618649631494,0.289490192089246,0.119445435810722,0.0972971788343997,-0.00403837933985183,1.05086514387032,1.13036730425536,2.11573865053542,1.65046109668041,0.823130244872496,0.298681408941651,0.248414926379679,0.266918369047007,0.0936402094114043,-0.0154187787915342,0.366059041832984,-0.502546857177857,-0.183575378772919,0.409943823254395,1.27859898143139,0.383567812220823,..
Kuwait,KWT,"Stocks traded, total value (% of GDP)",CM.MKT.TRAD.GD.ZS,..,3.34051218859813,5.84752562553926,11.7181179208254,81.5194167851251,114.31911635556,56.319085577156,..,..,..,..,13.8925647881508,12.5047355792476,23.1562474248445,..,23.4690226341471,..,..,..,2.62174820224285,28.7533024317308,26.771614581405,23.1765316879264,20.0287926640629,28.9507579552699,..
Kuwait,KWT,"Stocks traded, total value (current US$)",CM.MKT.TRAD.CD,..,1165490000,2230000000,5610000000,48454400000,92368280000,57196160000,..,..,..,..,21400000000,21764200000,40330800000,..,26892110000,..,..,..,3692900000,31929240000,39715870000,42529410000,33124500000,46387010000,..
Kuwait,KWT,Real interest rate (%),FR.INR.RINR,-9.6704929718029,16.9080708625822,1.26860694637141,0.472936584616584,-5.14911494169832,-11.7209779616469,-6.53955129884658,4.05428824689838,-9.31204874289532,28.1580797496703,-5.11388020101944,-10.2658861203424,-2.3290768340531,4.32863196223952,11.8255806947688,40.8597363576398,12.1448737121763,-9.92502373516906,-5.815110841771,4.92698795890651,24.6569140366071,-19.8735801502194,-11.6639768117132,14.1330324000967,5.94760651825894,..
Kuwait,KWT,Domestic credit to private sector by banks (% of GDP),FD.AST.PRVT.GD.ZS,45.3894886044441,56.6305420560748,58.3370664365833,59.4645690815297,56.3645435498696,50.9326670396555,49.9541424184326,59.5793877338048,57.2649281419896,79.0719269941829,74.6393830657528,60.8062581893838,55.7433682729455,59.751887354111,67.6407157377814,98.5107903934076,105.186812834562,98.699107218372,90.6280713315415,91.9570581282983,5.97063983308535,4.65565737536907,3.54175067618397,4.58794865422268,4.39745431885421,..
Kuwait,KWT,Domestic credit to private sector (% of GDP),FS.AST.PRVT.GD.ZS,45.3894886044441,56.6305420560748,58.3370664365833,59.4645690815297,56.3645435498696,50.9326670396555,49.9541424184326,59.5793877338048,57.2649281419896,79.0719269941829,74.6393830657528,60.8062581893838,55.7433682729455,59.751887354111,67.6407157377814,98.5107903934076,105.186812834562,98.699107218372,90.6280713315415,91.9570581282983,..,..,..,..,..,..
Kuwait,KWT,Energy use (kg of oil equivalent per capita),EG.USE.PCAP.KG.OE,9493.79658571526,9860.50598409608,9710.55321576442,10159.9001917272,10969.8036910729,12017.9810258331,10451.2180900059,9522.59021417333,10648.7276277184,10529.4946836104,11311.9365859367,10504.8801729128,10424.3416746399,9775.19621173225,8681.35167846512,9731.54449633626,9684.89135568875,9526.71485045218,9772.0088330557,8352.78024104055,8871.9407246336,8570.59391176127,9129.59798629005,..,..,..
Kuwait,KWT,Electric power consumption (kWh per capita),EG.USE.ELEC.KH.PC,14716.7685829451,15201.2752219612,15709.9070182439,16272.4817181633,17020.1917193555,17399.503216219,17971.1620719971,17279.4866754363,17349.1874734341,16854.684197799,17194.9043478025,16159.2740584024,16132.5266870216,15181.6899497241,16199.6750572032,16233.0939499407,15956.910124033,15957.8820894905,15618.0792711486,15390.6205681901,15481.1060328839,16867.9837601026,16570.5698678525,..,..,..
Kuwait,KWT,Oil rents (% of GDP),NY.GDP.PETR.RT.ZS,50.2892381187247,42.7980143074398,37.2003716194143,39.816851302288,46.1128336408051,53.3164834648164,51.0394540758358,48.1550015709463,52.8912935555667,38.854853146546,48.1906069290048,58.3689295808333,57.4129637304674,55.5579394462588,53.239569150436,36.4482994431389,31.6732106195044,36.0090908245608,44.0490671354298,38.6553473115018,27.5816891390019,..,..,..,..,..
Kuwait,KWT,Gross fixed capital formation (current US$),NE.GDI.FTOT.CD,..,..,..,..,..,..,..,..,..,..,19258707917.113,19720498298.7836,21109074931.4129,23883753601.1622,26596590258.1817,29196660816.6141,32026693188.8514,32595941321.9054,34297994740.9556,32043803748.876,22209808544.4743,23170191915.6088,29528341551.0204,27778085518.4986,..,..
Kuwait,KWT,Gross fixed capital formation (annual % growth),NE.GDI.FTOT.KD.ZG,..,..,..,..,..,..,..,..,..,..,..,..,..,..,..,..,..,..,..,..,..,..,..,..,..,..
Kuwait,KWT,Gross fixed capital formation (% of GDP),NE.GDI.FTOT.ZS,..,..,..,..,..,..,..,..,..,..,16.6863060540352,12.8022570219846,12.1283300254474,13.7130458067416,16.3519929678741,25.480227975664,29.2730708113492,27.0085390541854,24.7377612645645,22.7492715404258,20.000643361073,15.618528506158,16.0915597853142,16.7960728601071,..,..
Kuwait,KWT,"Unemployment, female (% of female labor force) (modeled ILO estimate)",SL.UEM.TOTL.FE.ZS,1.68,1.667,2.305,2.745,3.649,3.147,2.78,2.966,3.577,3.272,2.82,3.464,4.08,4.808,5.892,4.677,5.653,5.909,5.959,6,8.503,7.442,5.927,5.893,6.084,6.021
Kuwait,KWT,"Unemployment, female (% of female labor force) (national estimate)",SL.UEM.TOTL.FE.NE.ZS,..,..,..,..,..,1.81,2.9,3.1,3.73,3.39,2.8,..,..,..,4.9,4.4,5.83,..,..,..,..,..,..,..,..,..
Kuwait,KWT,"Unemployment, male (% of male labor force) (modeled ILO estimate)",SL.UEM.TOTL.MA.ZS,0.494,0.497,0.676,0.791,1.019,0.86,0.767,0.957,1.055,1.004,1.42,1.483,1.49,1.543,1.747,1.276,0.911,0.971,0.972,0.981,1.813,1.475,0.908,0.889,0.937,0.992
Kuwait,KWT,"Unemployment, male (% of male labor force) (national estimate)",SL.UEM.TOTL.MA.NE.ZS,..,..,..,..,..,2,0.8,1,1.1,1.04,1.41,..,..,..,1.9,1.2,0.94,..,..,..,..,..,..,..,..,..
Kuwait,KWT,"Unemployment, total (% of total labor force) (modeled ILO estimate)",SL.UEM.TOTL.ZS,0.8,0.8,1.1,1.3,1.7,1.455,1.3,1.5,1.75,1.64,1.82,2.051,2.227,2.465,2.9,2.2,2.16,2.23,2.202,2.213,3.489,2.97,2.133,2.08,2.151,2.181
Kuwait,KWT,"Unemployment, total (% of total labor force) (national estimate)",SL.UEM.TOTL.NE.ZS,0.8,0.8,1.1,1.3,1.7,1.95,1.3,1.5,1.75,1.64,1.82,..,..,..,2.9,2.2,2.16,..,..,..,..,..,..,..,..,..
Kuwait,KWT,Broad money growth (annual %),FM.LBL.BMNY.ZG,6.31935399843709,12.8052957173657,4.7541516950728,7.82617579428567,12.3444045805243,11.9897677561514,21.6588474534929,19.0908074443096,15.7714440139076,13.4192559991528,2.96607203054577,8.24077034386225,6.46581258937254,9.75954774289345,3.69083893379847,1.84090756870144,3.43868923114566,3.79591414381591,4.05732497438653,-1.46790284590183,-7.34957156629614,3.79278681727044,6.45275483009101,1.00812084910375,4.26151157499088,..
Kuwait,KWT,Broad money (% of GDP),FM.LBL.BMNY.GD.ZS,70.5530539398287,86.0609523364486,83.2295858498706,72.9032052540092,66.7090148258519,55.4661872912534,54.0239199850693,58.1939749421435,55.4021057652992,81.6356054196916,77.4935855426652,65.2684029036503,60.630840682472,65.6454773127769,72.63792489545,99.3213738068822,107.142253380294,100.411239758735,91.3712194331013,88.1343235543354,102.691320991489,80.9973822933948,68.6583948825996,76.7136032073753,82.6900951481688,..
Lebanon,LBN,GDP (current US$),NY.GDP.MKTP.CD,17260364842.4544,17649751243.7811,19152238805.9701,20082918739.6352,21159827992.0398,21497336498.8391,22022709851.4096,24827355014.9254,29118916105.4726,35399582928.6899,38443907042.1227,39927125961.5257,44016799515.7546,46880103080.597,48095213746.6003,49929337836.8159,51147308774.1294,53027680685.9038,54901519155.5556,51605959131.2741,31712128253.7961,23131941556.7843,20992421948.8081,20078620356.9931,..,..
Lebanon,LBN,GDP growth (annual %),NY.GDP.MKTP.KD.ZG,1.34187161970405,3.83966927702973,3.42314982843781,3.22709826879041,6.67944461641103,2.68577931016345,1.54951500083213,9.31062252641144,9.06912826789082,10.232155577776,7.97513555844932,0.86733987855277,2.56479133680038,3.8278734986016,2.48406010500743,0.462320792597581,1.55454940856943,0.903028464073813,-1.88470575631651,-6.91492472851026,-21.3998996914321,-7.00123862514116,-0.621678970663112,-0.760584470257314,..,..
Lebanon,LBN,GDP per capita (current US$),NY.GDP.PCAP.CD,3986.83513941026,4009.55929751102,4290.85283803266,4437.71588507526,4600.68371412993,4602.19804637945,4635.2514117486,5125.25809960149,5912.04532820842,7090.85493856621,7625.81051551165,7834.96257108993,8406.98405608118,8162.37929361396,7577.6413302369,7714.1099998804,8089.012088155,8608.21084982387,9174.53666204759,8905.88005497437,5561.19166950397,4045.37391066234,3654.35845534878,3477.72489842684,..,..
Lebanon,LBN,GDP per capita growth (annual %),NY.GDP.PCAP.KD.ZG,-0.39180673260141,2.12758024747754,1.99615029951745,1.81278345572235,4.96833961304041,1.106879785513,-0.16111039140597,7.21242419520836,7.27020382429338,8.75424197439401,6.92562408092621,-0.215990101752055,-0.172272058447192,-5.35004515636365,-7.26145145442744,-1.48529943559267,3.95420458700914,3.57185811074811,1.00112836973221,-3.87037166908469,-20.1290983815185,-7.25697163046323,-1.07782192621244,-1.25912842069158,..,..
Lebanon,LBN,Market capitalization of listed domestic companies (% of GDP),CM.MKT.LCAP.GD.ZS,9.00479227517294,6.95760514150412,6.92582216334165,7.05943203963666,10.4267860817677,22.3741206277333,36.979826982912,43.282540542639,32.9118362966775,36.299354220882,33.028250708461,22.6591315606286,20.6253069279846,22.7563919423535,23.5535911321337,22.7941136275357,23.7012079238305,21.6712664996016,17.6227910426063,14.9901292994513,21.1362982211629,45.7258634085464,..,..,..,..
Lebanon,LBN,Market capitalization of listed domestic companies (current US$),CM.MKT.LCAP.CD,1554260000,1228000000,1326450000,1417740000,2206290000,4809840000,8143960000,10745910000,9583570000,12849820000,12697350000,9047140000,9078600000,10668220000,11328150000,11380950000,12122530000,11491770000,9675180000,7735800000,6702770000,10577280000,..,..,..,..
Lebanon,LBN,"Foreign direct investment, net (BoP, current US$)",BN.KLT.DINV.CD,..,..,-1335760000,-2249069313.18818,-1071728097.45821,-1908003612.40255,-1799882372.19901,-2527890757.8597,-3346465470.38383,-3677830198.75614,-3793230221.9322,-2200405138.59,-2081123474.7,-685389871.7,-1621802593.3,-1499077656.4,-1563742343.7,-1204975686.2,-2026788723.80327,-1567351398.33485,-1577981265.7599,-1938565215.99053,-460686777.119609,-582765209.445304,..,..
Lebanon,LBN,"Foreign direct investment, net inflows (% of GDP)",BX.KLT.DINV.WD.GD.ZS,5.75581691967717,8.23754952644041,6.97552914588529,14.2410590326381,8.97351609461343,12.2038495910608,12.1444381288428,13.5978268963012,14.8805177180667,13.5696589141535,11.1327936305686,7.85693989450406,7.06847166156729,5.67636791033718,5.95175528625723,4.32469174487594,5.02174040562454,4.756779140202,4.84140308956364,3.69413245000342,5.06712986613403,2.5929006838647,2.50966160641735,3.26435467389127,..,..
Lebanon,LBN,"Stocks traded, total value (% of GDP)",CM.MKT.TRAD.GD.ZS,0.674145657186779,0.298021197429248,0.614340710723192,0.617489925681255,0.889562996782445,4.19633381116174,9.12953044182848,3.89650850611526,5.8768670983546,2.9404866212601,4.88311450223594,1.28105889838622,0.926918823014309,0.334683564432986,1.29825808299716,1.01187001848735,1.76492179478385,1.15031206408935,0.686993740430648,0.379742966314211,0.732653444576643,1.52633102212057,0.0672147312702103,..,..,..
Lebanon,LBN,"Stocks traded, total value (current US$)",CM.MKT.TRAD.CD,116360000,52600000,117660000,124010000,188230000,902100000,2010570000,967400000,1711280000,1040920000,1877260000,511490000,408000000,156900000,624400000,505220000,902710000,609983808.236731,377170000,195970000,232340000,353070000,14110000,..,..,..
Lebanon,LBN,Real interest rate (%),FR.INR.RINR,20.6704111826383,19.0041604591432,11.1143538415068,11.6659461144041,12.193543974622,11.8278432418899,9.29737692053858,6.90653319376657,2.2605863711327,-0.649418007495568,7.71342952159741,4.43103560124521,-0.220386928994347,4.64998466079079,7.16134867411629,3.63383207891925,7.41493218280356,5.39647299086804,3.38554652858344,6.16602246203992,..,..,..,..,..,..
Lebanon,LBN,Domestic credit to private sector by banks (% of GDP),FD.AST.PRVT.GD.ZS,85.4850115295926,83.4066223174353,79.4075505680244,75.4276201486375,75.3028877725238,67.2650849520621,69.5532741334287,71.5034147730478,72.3298157750946,68.52848350069,78.858978282107,85.7190545725366,85.9801828532277,88.5294098769645,94.3272962639499,96.2253558060375,99.7898816240714,102.161946869556,..,..,..,..,..,..,..,..
Lebanon,LBN,Domestic credit to private sector (% of GDP),FS.AST.PRVT.GD.ZS,87.9016141429669,86.022851129402,82.5745670545858,78.6428703550784,78.1256871956206,69.6695264463214,71.8110942239205,74.1064201249241,76.2752727111609,72.0446936132977,82.528480012555,89.987856569182,89.9553302724696,93.3172929302942,98.2255475847967,100.566123866429,103.999348177296,106.567725062094,..,..,..,..,..,..,..,..
Lebanon,LBN,Energy use (kg of oil equivalent per capita),EG.USE.PCAP.KG.OE,1136.87014459546,1199.71023584992,1175.25346522376,1157.2988164132,1149.06001925911,1079.47193036728,985.785471251008,823.875004803328,1061.37912293521,1336.59416990092,1272.70442631431,1257.01533623898,1383.47674048903,1238.32383382097,1192.55300583176,1284.15018153506,1356.17702319106,1475.80821027467,1431.81356091147,1486.47574871806,1249.32146308929,972.806350423412,617.482998993413,..,..,..
Lebanon,LBN,Electric power consumption (kWh per capita),EG.USE.ELEC.KH.PC,2300.81259499138,2226.30226187766,2366.30234900652,2488.78136995891,2186.42965560472,2269.05770843797,2258.82820445468,2056.92759755233,2301.15439418162,2473.01487274269,2994.0761170558,2998.22214198531,2926.23280520698,3034.42051064903,2557.27518083375,2631.91681566957,2768.91252020383,3169.41466151353,3171.56126073028,3358.30258340791,2868.6177288923,1750.05010386277,680.652360897549,..,..,..
Lebanon,LBN,Oil rents (% of GDP),NY.GDP.PETR.RT.ZS,0,0,0,0,0,0,0,0,0,0,0,0,0,0,0,0,0,0,0,0,0,0,..,..,..,..
Lebanon,LBN,Gross fixed capital formation (current US$),NE.GDI.FTOT.CD,3629187396.35158,3666334991.70813,3715422885.57214,3974129353.23383,4732876357.81095,4726529113.63184,4826633662.28856,6079029860.43118,7954825724.04643,9926921235.8209,9624889980.0995,10235489220.5638,11134986139.9668,12663519741.9569,11723412447.0978,10844253756.5506,11555313996.6833,11344772173.7977,11958444475.6219,6997331984.55598,2568104004.33839,1239752813.27095,257193013.292321,381000675.770145,..,..
Lebanon,LBN,Gross fixed capital formation (annual % growth),NE.GDI.FTOT.KD.ZG,-4.91850421526038,4.73908905413171,1.14067779046046,4.20804870963434,7.13620980703809,0.685946557537903,0.0226108984286384,20.2356311523503,21.4265494498793,28.6894928231689,0.0638353766577922,-1.00247724603743,4.33730090055265,9.9292495600063,-5.20068753459486,-3.45164854311115,12.860238111831,-1.30085187646679,8.37430871621325,-45.4937806949816,-53.036930417083,-67.6114140871764,-88.5857723809789,4.46109817898959,..,..
Lebanon,LBN,Gross fixed capital formation (% of GDP),NE.GDI.FTOT.ZS,21.0261337432744,20.7727289810952,19.3994181213633,19.7886044591247,22.3672723596403,21.986580123017,21.9166201382779,24.4852093860851,27.318412866856,28.0424807710815,25.0361909614275,25.6354269787084,25.2971280567125,27.0125680401887,24.3754243589915,21.7192020290613,22.5922228825615,21.3940568907692,21.7816276481155,13.5591549936245,8.09817614190237,5.35948446103238,1.22517074932807,1.89754409912655,..,..
Lebanon,LBN,"Unemployment, female (% of female labor force) (modeled ILO estimate)",SL.UEM.TOTL.FE.ZS,10.426,10.25,9.973,9.755,9.512,9.742,9.999,10.142,10.299,10.345,10.671,11.21,11.753,12.195,12.445,12.812,13.176,13.52,13.898,14.323,16.249,15.874,14.593,14.48,..,..
Lebanon,LBN,"Unemployment, female (% of female labor force) (national estimate)",SL.UEM.TOTL.FE.NE.ZS,..,..,..,..,9.51,..,..,10.14,..,10.396,..,..,..,..,..,..,..,..,..,14.311,..,..,..,..,..,..
Lebanon,LBN,"Unemployment, male (% of male labor force) (modeled ILO estimate)",SL.UEM.TOTL.MA.ZS,8.116,7.979,7.732,7.55,7.342,7.784,8.258,8.602,6.79,4.997,5.409,5.978,6.568,7.094,7.468,7.941,8.418,8.88,9.376,9.922,12.045,11.515,9.816,9.705,..,..
Lebanon,LBN,"Unemployment, male (% of male labor force) (national estimate)",SL.UEM.TOTL.MA.NE.ZS,..,..,..,..,7.34,..,..,8.6,..,5.022,..,..,..,..,..,..,..,..,..,9.913,..,..,..,..,..,..
Lebanon,LBN,"Unemployment, total (% of total labor force) (modeled ILO estimate)",SL.UEM.TOTL.ZS,8.641,8.499,8.248,8.061,7.85,8.249,8.679,8.98,7.666,6.355,6.768,7.352,7.952,8.477,8.84,9.312,9.794,10.258,10.755,11.301,13.252,12.715,11.105,10.985,..,..
Lebanon,LBN,"Unemployment, total (% of total labor force) (national estimate)",SL.UEM.TOTL.NE.ZS,..,..,..,..,7.85,..,..,8.98,..,6.355,..,..,..,..,..,..,..,..,..,11.301,..,..,..,..,..,..
Lebanon,LBN,Broad money growth (annual %),FM.LBL.BMNY.ZG,9.83756868361699,7.46545126617758,8.06469049563035,13.0440176950847,10.0936296843271,4.49401857391758,7.79653141597133,12.4193283758827,14.7755757558829,19.6226761570625,12.1049993205142,5.47099631786173,6.97016428412871,6.88234482055033,5.90480315852934,5.06488060236029,7.43270119558414,4.2062236758971,..,..,..,..,..,..,..,..
Lebanon,LBN,Broad money (% of GDP),FM.LBL.BMNY.GD.ZS,189.2190622598,198.858946893675,198.037752840122,213.49528654005,223.082333941363,229.447901134241,241.436414893744,240.75984917293,235.607326816909,231.835194327813,239.317784133789,243.034254777896,235.819514655813,236.65496359554,244.296910042665,247.241629881364,259.293191038484,260.618310540712,..,..,..,..,..,..,..,..
Libya,LBY,GDP (current US$),NY.GDP.MKTP.CD,38270954138.1128,34112093927.254,20481889763.7795,26265625000,33122307692.3077,47334691241.4924,60094231606.642,68032978390.6007,86710767415.1371,60808562033.4191,75380825062.4216,48169263294.1007,92540938129.1315,75351107029.0605,57372355592.022,48717501321.3052,49912073701.298,67157452181.7738,76686029772.1483,69254496471.6938,46854285440.642,35217995647.2862,43246297921.8499,44027664915.187,48487151215.345,..
Libya,LBY,GDP growth (annual %),NY.GDP.MKTP.KD.ZG,3.6792704082,-1.76283887062603,-0.958897332849631,13.0160372478013,4.46163899648637,11.8707565226151,6.50052541959279,6.22998278561838,-0.162048238799883,-4.4001817631021,5.0272476723775,-50.3385151384986,86.8267484395784,-17.9979615745681,-23.0428058282215,-0.842656252118843,-1.4909411172622,32.4918021862688,7.9413678529104,-11.1960828853386,-29.4552967282824,28.2996823429147,-8.29981811198795,10.2000497852517,1.89995052025442,..
Libya,LBY,GDP per capita (current US$),NY.GDP.PCAP.CD,7214.10040377084,6312.80030498965,3718.29434696755,4674.09943200321,5773.76333234281,8079.24957329001,10048.8480434289,11144.9448413435,13906.1407818125,9551.05403869755,11600.9068649472,7593.8391525702,14975.8902795144,11951.7134126011,8926.42074591474,7458.48917756374,7525.80299308216,9965.83236729757,11196.5854810844,9963.19489084483,6650.33810585348,4935.82787349801,5986.63694851258,6026.51518708812,6569.16408678648,..
Libya,LBY,GDP per capita growth (annual %),NY.GDP.PCAP.KD.ZG,1.97930843294741,-3.55569593532938,-2.84267783712218,10.7838721756603,2.32576943782377,9.53922388994984,4.3383026664543,4.06916207450483,-2.26034195363675,-6.37107364350932,2.90736772244718,-49.1278565212286,91.7813702690939,-19.6276937990081,-24.5110536856449,-2.43005265175647,-2.98083261952721,30.3950611263495,6.20327204937865,-12.4989174222368,-30.4001717408883,26.6853936559494,-9.42490206992071,8.96534736140164,0.859500182813605,..
Libya,LBY,Market capitalization of listed domestic companies (% of GDP),CM.MKT.LCAP.GD.ZS,..,..,..,..,..,..,..,..,..,..,..,..,..,..,..,..,..,..,..,..,..,..,..,..,..,..
Libya,LBY,Market capitalization of listed domestic companies (current US$),CM.MKT.LCAP.CD,..,..,..,..,..,..,..,..,..,..,..,..,..,..,..,..,..,..,..,..,..,..,..,..,..,..
Libya,LBY,"Foreign direct investment, net (BoP, current US$)",BN.KLT.DINV.CD,-43000000,308000000,-281000000,-80000000,-71000000,-910000000,-1590000000,-756200000,1776900000,-206000000,938000000,131000000,2508800000,707700000,-77600000,394900000,439500000,-294500000,275600000,-268500000,350400000,-377600000,-641300000,-794700000,..,..
Libya,LBY,"Foreign direct investment, net inflows (% of GDP)",BX.KLT.DINV.WD.GD.ZS,0.368425619834711,-0.389891046511628,0.707942488082424,0.544437834622249,1.07782345154323,2.19289483627204,3.43460585952791,6.89224565927254,4.74139501074499,2.25461670882223,2.36664960687642,..,1.53985903839829,0.931638601844643,..,..,..,..,..,..,..,1.71219284038518,1.62326033379453,1.80500147243983,..,..
Libya,LBY,"Stocks traded, total value (% of GDP)",CM.MKT.TRAD.GD.ZS,..,..,..,..,..,..,..,..,..,..,..,..,..,..,..,..,..,..,..,..,..,..,..,..,..,..
Libya,LBY,"Stocks traded, total value (current US$)",CM.MKT.TRAD.CD,..,..,..,..,..,..,..,..,..,..,..,..,..,..,..,..,..,..,..,..,..,..,..,..,..,..
Libya,LBY,Real interest rate (%),FR.INR.RINR,-5.56617858109322,-0.172482038272866,-15.9117736358803,-6.43791546245998,-13.475766084563,-17.456455741053,-11.1515992762555,3.47582503654986,-14.3153031027785,41.0461028132496,-11.1323837030052,-14.7517670767541,0.0170496009954675,5.90956134488155,7.07784993842523,..,..,..,..,..,..,..,..,..,..,..
Libya,LBY,Domestic credit to private sector by banks (% of GDP),FD.AST.PRVT.GD.ZS,20.4264870931538,19.5687984496124,17.1640012302014,12.7459845330161,10.3058594022156,7.35790867402958,5.98481595072595,6.12538779881609,7.27115065600965,11.1382527654751,9.22604710780844,14.1274817837247,9.30922134517349,13.7058380312116,22.4077303368324,24.4910394105435,21.3328683703142,14.687409346042,12.7544829249526,14.5352182254926,21.62544909615,10.9582046319331,10.6582152376023,12.1569302354164,12.9461976201383,..
Libya,LBY,Domestic credit to private sector (% of GDP),FS.AST.PRVT.GD.ZS,20.467299255178,19.6148255813953,17.2066738428418,12.7840571088638,10.3399986065631,7.38438933023316,6.00761862776023,6.15367601264239,7.29914417131654,11.1782655695724,9.26018623627628,14.1819194729211,9.33808515595023,13.7369369068516,19.3187188616,21.5199787186929,18.8829258302328,14.7896283143846,12.8465423346937,14.6289531807933,21.8337391546377,11.0391738497626,10.7185706773584,12.2180075415622,13.041851907924,..
Libya,LBY,Energy use (kg of oil equivalent per capita),EG.USE.PCAP.KG.OE,2976.83650740397,3074.78058753118,3089.63282765671,3033.31081378459,3051.03345536709,3114.98564274947,2733.38300724871,2363.56247489929,2578.95942858435,2784.55454632999,3131.50608317262,2631.72794552167,3101.47681342856,2747.59073791604,3550.5742819662,3230.9775723301,3118.86767779323,3485.70959421231,3055.56390358683,3413.9338523206,1687.13966145733,2368.63038927902,2539.19813836223,..,..,..
Libya,LBY,Electric power consumption (kWh per capita),EG.USE.ELEC.KH.PC,2243.91194681416,2272.1725118943,2783.56186267907,2948.35852523704,3091.85100196228,3392.67542591501,3733.14587060557,3712.2525137688,3066.98976654377,3027.47771760693,3206.45063689636,2796.22140423379,4499.03290454884,4879.1141999179,4766.11155125083,4651.6904402893,3840.24670218871,3991.82640155399,4050.77780803337,4088.60093168886,3521.02130766476,4001.72385400498,3979.06643382539,..,..,..
Libya,LBY,Oil rents (% of GDP),NY.GDP.PETR.RT.ZS,33.5852838997618,29.4914880458031,48.3822928740602,47.8421621561942,54.7869519679771,61.0171738102836,60.9295741290035,59.9292830144719,64.8164362995569,49.9122829981053,54.526429982548,36.3305559734441,57.6300935046394,45.8016137051651,28.6305298163822,14.4264442000075,10.7931417666286,20.9466167504799,30.0345298438813,32.7515623093831,9.24399152945122,56.3779371892049,..,..,..,..
Libya,LBY,Gross fixed capital formation (current US$),NE.GDI.FTOT.CD,4453425486.63582,3566564859.25456,2650393700.7874,2350386328.125,4624318461.53846,7179699935.41656,12610652480.4122,14081313433.3086,19127105941.5052,15225275102.231,16432176155.6187,8378779759.37629,14747475548.0874,12628450914.2151,13311830695.0162,8327987778.8316,9699655271.37041,10868189579.7162,12326744895.6641,9527392414.73171,4427649465.27857,4282827735.53664,4549595641.13085,7432057126.67439,6919569687.39756,..
Libya,LBY,Gross fixed capital formation (annual % growth),NE.GDI.FTOT.KD.ZG,..,..,..,..,..,..,..,..,..,..,..,-49.0119735649077,76.0138071834588,-14.3664788691704,5.41098034820295,-37.4379323376043,16.4661228800941,12.0512794694636,13.4160379559773,-30.8478644359517,14.1176807793348,-6.85984719997374,-1.26529156009313,-10.6835574022653,-8.36465719103794,..
Libya,LBY,Gross fixed capital formation (% of GDP),NE.GDI.FTOT.ZS,11.6365676971738,10.4554263565891,12.9401814547132,8.94852617489589,13.9613414152674,15.1679450041982,20.9847969484951,20.6977759410488,22.0585130447896,25.0380449612729,21.7988807392483,17.3944527825121,15.9361638710738,16.7594762865855,23.2025172361361,17.0944476891502,19.4334848305815,16.1831475534531,16.0743031452922,13.7570741253253,9.44982817182817,12.160907106781,10.5201967792767,16.8804253893346,14.2709346991037,..
Libya,LBY,"Unemployment, female (% of female labor force) (modeled ILO estimate)",SL.UEM.TOTL.FE.ZS,25.896,25.751,25.704,25.369,25.125,24.72,24.849,24.799,25.107,25.391,25.422,25.661,25.129,25.453,25.426,25.882,25.721,25.124,24.902,25.159,25.618,25.807,25.549,24.931,25.373,25.19
Libya,LBY,"Unemployment, female (% of female labor force) (national estimate)",SL.UEM.TOTL.FE.NE.ZS,..,..,..,..,..,..,..,..,..,..,..,..,25.05,..,..,..,..,..,..,..,..,..,..,..,..,..
Libya,LBY,"Unemployment, male (% of male labor force) (modeled ILO estimate)",SL.UEM.TOTL.MA.ZS,16.458,16.36,16.337,16.09,15.912,15.61,15.715,15.678,15.918,16.14,16.165,16.347,15.93,16.182,16.163,16.52,16.395,15.931,15.759,15.958,16.587,16.674,15.979,15.503,15.843,15.451
Libya,LBY,"Unemployment, male (% of male labor force) (national estimate)",SL.UEM.TOTL.MA.NE.ZS,..,..,..,..,..,..,..,..,..,..,..,..,15.88,..,..,..,..,..,..,..,..,..,..,..,..,..
Libya,LBY,"Unemployment, total (% of total labor force) (modeled ILO estimate)",SL.UEM.TOTL.ZS,19.275,19.239,19.281,19.074,18.938,18.66,18.805,18.771,19.041,19.29,19.321,19.504,19.03,19.311,19.295,19.69,19.559,19.053,18.865,19.087,19.651,19.779,19.238,18.713,19.085,18.758
Libya,LBY,"Unemployment, total (% of total labor force) (national estimate)",SL.UEM.TOTL.NE.ZS,..,..,..,..,..,..,..,..,..,..,..,..,19.03,..,..,..,..,..,..,..,..,..,..,..,..,..
Libya,LBY,Broad money growth (annual %),FM.LBL.BMNY.ZG,3.10538128747547,4.31586585481276,6.10615454407984,6.50058906244062,13.769693293129,29.0059515874821,14.0785314855337,38.0430728572799,49.1921476598143,17.4128786898818,-0.573334861051129,24.0004281680902,12.5826398452525,6.29444895989434,-0.33870126393882,12.5070449184154,22.073680607261,24.7479730501131,-0.62871572645486,-1.85373740169165,15.1802009417618,-20.2637679595475,..,..,..,..
Libya,LBY,Broad money (% of GDP),FM.LBL.BMNY.GD.ZS,48.510866238139,48.0595930232558,40.4628632938644,33.3414634146341,29.6172693281312,26.5646192598334,23.7758446174914,30.1603580845503,36.4320992308852,59.5385277387125,47.2537898621449,94.8898259248896,53.9535712328016,69.877190748815,91.4126988327276,111.575426034826,132.06861470801,122.142809910825,108.54037238781,115.150714616884,197.393967870597,64.4124684090201,..,..,..,..
Morocco,MAR,GDP (current US$),NY.GDP.MKTP.CD,43017455401.8445,43831480207.6444,47077192187.6418,58029363354.2757,66114145451.0067,68852658068.6673,75883823300.8545,86947913286.728,101822906949.063,101154952240.881,100865329473.44,110080631332.375,106937392311.129,115739287305.08,119130841411.664,110413823841.592,111572947004.917,118540573367.844,127341147581.818,128920266409.458,121353645057.144,142022058447.231,131245312804.483,146036093666.762,160610994054.734,..
Morocco,MAR,GDP growth (annual %),NY.GDP.MKTP.KD.ZG,2.58218091499747,7.72182519577728,3.73019737485745,6.17110214953244,4.57138016516208,3.19224973015831,7.7908200104027,3.44106776690418,5.68453936284732,3.74576940136258,3.49955709403216,5.52464523319847,3.06234368502997,4.12221286860944,2.7192440802029,4.34458297635238,0.52118550608968,5.05789816173446,3.06564133025955,2.89097476137077,-7.17820744246774,8.15473889823681,1.81269242194809,3.65564411017931,3.79336515978963,..
Morocco,MAR,GDP per capita (current US$),NY.GDP.PCAP.CD,1499.107421875,1506.24523925781,1596.02062988281,1941.87255859375,2183.55541992188,2242.98828125,2438.12646484375,2755.5859375,3183.20043945313,3119.58862304688,3067.9853515625,3301.98876953125,3164.17724609375,3379.7431640625,3435.40698242188,3146.24780273438,3140.85546875,3296.52661132813,3501.69799804688,3508.09765625,3268.0302734375,3785.93627929688,3463.1376953125,3813.72607421875,4153.1943359375,..
Morocco,MAR,GDP per capita growth (annual %),NY.GDP.PCAP.KD.ZG,1.11923449171742,6.22462901700752,2.33486055707684,4.79759279351288,3.20713471239438,1.78494971981462,6.31205425044466,2.03302704420354,4.24978033517071,2.34392549842086,2.07976488720576,4.06561020586629,1.66384638357194,2.7578648778037,1.43852495314533,3.10634719191513,-0.693616602037565,3.78371209116371,1.91410663270995,1.81642055572905,-8.13866950405836,7.0606299574828,0.779078150413596,2.58793464682357,2.77494467917541,..
Morocco,MAR,Market capitalization of listed domestic companies (% of GDP),CM.MKT.LCAP.GD.ZS,..,..,..,..,..,..,..,..,..,..,68.558850063747,54.5853428279965,49.0752943061418,46.5108963891444,44.2763598199818,41.596168307595,51.6072402972498,56.5616295712872,47.9662553384442,50.740866290361,54.0361271959501,52.58349359001,40.9209432720903,43.462570386766,46.3602385616424,..
Morocco,MAR,Market capitalization of listed domestic companies (current US$),CM.MKT.LCAP.CD,..,..,..,..,..,..,..,..,..,..,69152110000,60087890000,52479840000,53831380000,52746800000,45927920000,57579718867.551,67048480000,61080780000,65415260000,65574810000,74680160000,53706820000,63471040000,74459640000,..
Morocco,MAR,"Foreign direct investment, net (BoP, current US$)",BN.KLT.DINV.CD,-368034434.706865,-2727503157.35459,-452026889.07877,-2300216340.41545,-862403291.028399,-1596494477.92053,-2009915949.59256,-2193821739.53846,-2150359074.57182,-1491300236.00916,-660647769.95762,-2273339953.13492,-2482391450.72453,-2916210628.14207,-3094163538.98726,-2596320889.57117,-1574253170.02358,-1667949424.60087,-2763517824.51149,-827687174.65304,-959416206.844703,-1621385378.9319,-1654898394.1652,166262922.634216,-947668072.804421,..
Morocco,MAR,"Foreign direct investment, net inflows (% of GDP)",BX.KLT.DINV.WD.GD.ZS,0.991581858750167,6.44412928365454,1.02035757811393,3.98561984754306,1.35118647717804,2.42635467647837,3.24283497739456,3.24999332315429,2.42213508852785,1.94782744330848,1.2299824583835,2.29046840496639,2.65758712641507,2.90386264044041,2.95925435484489,2.94611108390154,1.93000540251056,2.26092196120537,2.78337936840164,1.33479789567415,1.16907334587558,1.59422321445366,1.74814323662076,0.725864122672683,1.02047789871899,..
Morocco,MAR,"Stocks traded, total value (% of GDP)",CM.MKT.TRAD.GD.ZS,7.33632422122457,3.95537634546422,2.12183427596649,4.44344009817577,5.94229869145224,11.4601240116694,12.9926242130831,26.6504383188424,13.5204350499312,7.82275096246055,6.04598233291433,3.71774757327029,3.26638785976501,2.79659575876612,2.55170698366475,2.64369070687002,2.84807006813272,3.56623460349117,3.06391144896284,2.5291136070448,3.0522033336995,3.1037713776257,2.33769872191215,2.31602333031303,3.74781317768861,..
Morocco,MAR,"Stocks traded, total value (current US$)",CM.MKT.TRAD.CD,3155900000,1733700000,998900000,2578500000,3928700000,7890600000,9859300000,23172000000,13766900000,7913100000,6098300000,4092520000,3492990000,3236760000,3039870000,2919000000,3177675707.78064,4227434946.6209,3901620000,3260540000,3703960000,4408040000,3068120000,3382230000,6019400000,..
Morocco,MAR,Real interest rate (%),FR.INR.RINR,..,..,..,..,..,..,..,..,..,..,..,..,..,..,..,..,..,..,..,..,..,..,..,..,..,..
Morocco,MAR,Domestic credit to private sector by banks (% of GDP),FD.AST.PRVT.GD.ZS,43.6610107452538,38.1336070001137,37.0359175414256,36.3030276413519,36.5906415807069,39.7845417674371,41.9692485067183,50.4158079002666,55.058855602145,58.0449702176524,61.6819959606248,64.7617613010764,65.7437864758838,62.8627410109288,63.0397014545712,58.3965229322785,59.1896601359121,58.2247835748116,57.7666058986656,58.8187359318857,66.0082418763961,61.8140966207379,63.6907493278353,57.6617196939123,54.7740716140774,..
Morocco,MAR,Domestic credit to private sector (% of GDP),FS.AST.PRVT.GD.ZS,..,..,..,..,..,..,..,..,..,..,83.2922890768629,86.804176959607,87.7618401933056,83.5655425605352,83.5103076143461,78.3933979966934,80.2299496773881,80.1940481650889,78.9568101792168,81.4748595489145,90.9314449752958,86.0589211866222,87.5362177555407,80.5048085794867,..,..
Morocco,MAR,Energy use (kg of oil equivalent per capita),EG.USE.PCAP.KG.OE,387.674326412744,405.385733553728,406.634838346005,399.736368353388,463.894860712269,484.797908832576,486.582730066603,495.471813588118,507.932323340328,504.85859762712,526.098528303577,559.353279063147,559.656539214197,554.322076671451,555.591040302721,563.603106638362,558.062023900473,577.582098917111,577.178572918036,614.502733565635,575.699296767116,616.051393306028,602.994477750907,600.64391286941,..,..
Morocco,MAR,Electric power consumption (kWh per capita),EG.USE.ELEC.KH.PC,496.421350902873,530.598279492826,540.719337552369,585.802201213571,559.008778347477,589.693493778803,641.931875341269,663.749418497792,695.325782608515,709.255329358531,732.99005981948,783.651531748278,835.460910026104,850.223888541736,882.829826708431,886.308517080127,903.451649561607,931.603983841289,923.0251541863,940.186570352384,916.187662173799,950.467605491107,978.27258674367,997.255419654568,..,..
Morocco,MAR,Oil rents (% of GDP),NY.GDP.PETR.RT.ZS,0.00631272522300296,0.00389678993671929,0.00482094327981793,0.0035183313822751,0.00447676173181179,0.00402070243000557,0.0062368292429596,0.00648886456293074,0.0061644205483407,0.00325837372650423,0.00546877446444964,0.00726865921109118,0.00528452503464482,0.00535817874110864,0.00272007561344937,0.00142730898853635,0.00113281093648473,0.00131078372177982,0.00175486944296997,0.00137237053657597,0.000839572708870582,0.00101118511153249,..,..,..,..
Morocco,MAR,Gross fixed capital formation (current US$),NE.GDI.FTOT.CD,10480934330.8865,10202097545.1153,11120357844.1158,13498881034.945,16273570043.9005,17759588395.1825,20022003498.8016,25415959043.657,31838277749.6428,29413188368.0232,28576866443.5193,31926945719.186,32032422991.6283,32894636657.1237,32184291445.8461,28563811941.1557,32003137198.6024,33351946626.4851,35475429523.3527,35056913348.7143,31825825982.0338,37334771914.819,34932671696.5237,36619974344.8492,42495957565.197,..
Morocco,MAR,Gross fixed capital formation (annual % growth),NE.GDI.FTOT.KD.ZG,2.62084243889259,0.426877816081259,7.28184080815382,6.34535315508732,9.15289488077565,7.24181191366773,9.9931133374364,14.3199242104151,15.2096860745566,-2.64227558213318,-1.44777094835312,7.79467519792763,3.61770914459254,-0.51593761798901,-1.25679942185694,2.49933469351549,12.5945207598607,2.12157899852959,2.4436421682191,1.6818028933188,-9.99866527345056,7.54189483409075,-3.95222643066539,2.29926832497979,12.8338700766714,..
Morocco,MAR,Gross fixed capital formation (% of GDP),NE.GDI.FTOT.ZS,24.3643754215111,23.2757312707318,23.6215401287993,23.262156009765,24.6143543607621,25.7936133380221,26.3850747469865,29.2312467118594,31.2682859914516,29.0773587614193,28.3317038596937,29.0032363847791,29.9543707765302,28.4213229777508,27.0159188539863,25.8697787535513,28.6835994366913,28.135469298761,27.858575328575,27.1927093583345,26.2256860657523,26.2880092874382,26.6163194327275,25.0759750041054,26.4589344056453,..
Morocco,MAR,"Unemployment, female (% of female labor force) (modeled ILO estimate)",SL.UEM.TOTL.FE.ZS,13.014,12.505,12.547,13.004,11.37,11.563,9.67,9.427,9.784,9.286,9.491,10.246,9.957,9.572,10.287,10.415,10.693,10.629,10.685,10.621,12.219,11.901,11.046,10.578,10.76,10.626
Morocco,MAR,"Unemployment, female (% of female labor force) (national estimate)",SL.UEM.TOTL.FE.NE.ZS,13.03,12.51,12.54,12.97,11.35,11.55,9.67,9.43,9.78,9.28,9.48,10.22,9.94,9.57,10.28,10.39,10.66,..,..,..,..,16.72,17.15,..,..,..
Morocco,MAR,"Unemployment, male (% of male labor force) (modeled ILO estimate)",SL.UEM.TOTL.MA.ZS,13.764,12.445,11.277,11.56,10.648,10.822,9.67,9.606,9.494,8.846,8.951,8.451,8.665,9.112,9.497,9.132,8.837,8.761,8.822,8.746,10.879,10.154,8.951,8.417,8.625,8.531
Morocco,MAR,"Unemployment, male (% of male labor force) (national estimate)",SL.UEM.TOTL.MA.NE.ZS,13.78,12.45,11.27,11.53,10.63,10.81,9.67,9.61,9.49,8.84,8.94,8.43,8.65,9.11,9.49,9.11,8.81,..,..,..,..,10.9,10.22,..,..,..
Morocco,MAR,"Unemployment, total (% of total labor force) (modeled ILO estimate)",SL.UEM.TOTL.ZS,13.58,12.46,11.59,11.92,10.83,11.01,9.67,9.56,9.57,8.96,9.09,8.91,8.99,9.23,9.7,9.46,9.3,9.22,9.272,9.191,11.189,10.551,9.413,8.896,9.103,9
Morocco,MAR,"Unemployment, total (% of total labor force) (national estimate)",SL.UEM.TOTL.NE.ZS,13.58,12.46,11.59,11.92,10.83,11.01,9.67,9.56,9.57,8.96,9.09,8.91,8.99,9.23,9.7,9.46,9.3,..,..,..,..,12.28,11.79,..,..,..
Morocco,MAR,Broad money growth (annual %),FM.LBL.BMNY.ZG,8.444172915778,18.1143578024195,10.3158838988731,7.8660246152784,8.35398058092524,14.0583836299319,18.0886095524192,17.5471331446552,13.3114783065378,7.00697400046566,4.19540574319342,6.43834587150305,4.51801110083078,3.08816298512282,6.19965031043247,5.6905020321442,4.7363225886028,5.54582078821969,4.06012946102122,3.77806065975292,8.36179141868821,5.09394192746299,8.01359504265407,3.91375528110208,8.00403772257982,..
Morocco,MAR,Broad money (% of GDP),FM.LBL.BMNY.GD.ZS,64.0520171265001,69.802524311417,73.5286389536301,74.0651919615625,76.0495624581098,83.3191816194684,89.9785545114664,99.1055847307515,101.361583924074,105.023134070947,105.049032453636,106.596965427501,107.529240054408,105.136360478507,108.464990610886,106.485346779473,109.884822811299,110.46242491734,110.490577950363,110.540285582407,128.863147204193,122.263389135823,126.418718204052,118.385354715175,118.489504587189,..
Oman,OMN,GDP (current US$),NY.GDP.MKTP.CD,22259557867.3602,22205721716.515,23065539661.8986,24733680104.0312,28378933680.104,35506892067.6203,42577633289.987,48300390117.0351,69804681404.4213,55454096228.8687,64993498049.4148,77497529258.7776,87408842652.7958,89936020806.2419,92699089726.9181,78710793237.9714,75128738621.5865,80856697009.1027,91505851755.5267,88060858257.4772,75909492847.8544,87323797139.1417,109852795838.752,106174708036.51,107137198769.386,..
Oman,OMN,GDP growth (annual %),NY.GDP.MKTP.KD.ZG,6.19241063695442,4.61316649389876,-0.784165786429256,-2.19466567976842,1.99251510973346,2.77944360306151,4.66981481939328,4.98065467051528,8.95005895005896,5.98196694904402,2.47199856582773,2.89460973541192,8.86312225557018,5.22770408145942,1.29225229411081,5.01705799719045,5.04642394571691,0.304057565922449,1.28710391543288,-1.12863801728058,-3.37972052697999,2.5821749892893,7.98570728354278,1.41401395818599,1.63163221127449,..
Oman,OMN,GDP per capita (current US$),NY.GDP.PCAP.CD,9753.84755185404,9611.96360191054,9869.13050219438,10463.5425832141,11800.8507411171,14434.8577924647,16930.8565071853,18792.653772482,26576.779241509,20655.9180249218,23570.1798147325,25188.0074151885,24642.2978768596,23458.0233840053,23160.6502252547,18808.3077921839,17110.1897460545,17820.0661809335,19901.7615642016,19180.1864152801,16784.8630630058,19403.4600160211,23223.5829405935,21027.7384778886,20285.2272897377,..
Oman,OMN,GDP per capita growth (annual %),NY.GDP.PCAP.KD.ZG,4.83264880749192,3.34135289623774,-1.92709599366199,-3.29759460918538,0.252575657950231,0.482138133458704,2.38091766222423,2.71865852745317,6.61241844727729,3.68717578981379,-0.232906393185388,-7.78414520830087,-5.57202783891576,-2.64416002304453,-2.97274165335905,0.438450329868957,0.118553614303224,-2.93490377016138,-0.0452382355009746,-0.985733221362153,-1.91104857604375,3.08530454964595,2.73958764672784,-4.99392969767024,-2.83787602327396,..
Oman,OMN,Market capitalization of listed domestic companies (% of GDP),CM.MKT.LCAP.GD.ZS,18.7665901761929,18.2975363371242,..,..,33.2461751606074,43.0027217558818,37.8226518376896,55.2423074334329,29.4950705106949,40.518142983102,43.5673580432173,34.6634534764311,34.6547318105134,40.8808391458745,40.8099908116085,52.2459097517537,30.9938176539677,26.3415162724273,20.5259004092769,19.4405100503848,21.7107497122026,21.647214870741,20.2703352518088,..,..,..
Oman,OMN,Market capitalization of listed domestic companies (current US$),CM.MKT.LCAP.CD,4177360000,4063100000,..,..,9434910000,15268930000,16103990000,26682250000,20588940000,22468970000,28315950000,26863320000,30291300000,36766600000,37830490000,41123170000,23285264254.1005,21298880000,18782400000,17119480000,16480520000,18903170000,22267530000,..,..,..
Oman,OMN,"Foreign direct investment, net (BoP, current US$)",BN.KLT.DINV.CD,-82000000,-5201560.46814044,-106631989.596879,63459037.7113133,-69440832.2496749,-1304811443.43303,-1321456436.93107,-3369310793.23797,-2367490247.07412,-1435890767.23016,255656697.009102,-406257477.243173,-479583875.162548,-678750858.257477,69960988.2964889,2507412223.6671,-1909475942.78283,-454876462.938881,-5469960988.29648,-2583875162.54876,-2746684005.20156,-7564889466.84005,-7176592977.89336,-12721976592.9778,-12608322496.749,..
Oman,OMN,"Foreign direct investment, net inflows (% of GDP)",BX.KLT.DINV.WD.GD.ZS,0.368381081460018,0.0234244152680339,0.473575608601034,0.10094531077486,0.391323075231172,4.33257156250914,3.74867907471091,6.89874269714346,4.22877879574812,2.72158933688519,1.91196478591436,2.10218875218974,1.5612029028198,1.79286446946825,1.3876575353227,-2.76001757846703,3.01624952400734,3.56005583896762,6.12067985447931,2.26908923371353,2.51548624054379,10.015189421015,6.25544528201825,11.8157929012346,11.6351181523148,..
Oman,OMN,"Stocks traded, total value (% of GDP)",CM.MKT.TRAD.GD.ZS,2.46455928401178,1.56716365467727,..,..,6.94680787594967,10.2915794292579,6.85059214102901,14.3049983307756,12.6063035070921,10.5203589937201,5.09194011604642,3.28905969568223,3.04624786141684,6.37746694659403,6.26215426397477,4.52248014987956,3.27311115328437,2.95068942753283,2.09448900068213,1.95160487191149,1.37121190110733,1.91878967119371,2.10669194382363,0.795283561985063,..,..
Oman,OMN,"Stocks traded, total value (current US$)",CM.MKT.TRAD.CD,548600000,348000000,..,..,1971430000,3654220000,2916820000,6909370000,8799790000,5833970000,3309430000,2548940000,2662690000,5735640000,5804960000,3559680000,2459047123.14501,2385830010.09985,1916580000,1718600000,1040880000,1675560000,2314260000,844390000,..,..
Oman,OMN,Real interest rate (%),FR.INR.RINR,-6.29838736320732,14.9262280305334,3.94643678356486,-1.13581444513435,-4.05057515580795,-11.8701672014977,-6.34679636297475,-0.638442720555033,-19.4658625339234,43.1781374880598,-6.32458296829763,-8.07973379393509,2.21469423925791,7.91158154746331,3.40789682865649,29.7141921537162,15.4598093486321,-1.99936784872024,-5.80486611238394,8.30089840472333,18.2141989885354,-5.92398070330169,..,..,..,..
Oman,OMN,Domestic credit to private sector by banks (% of GDP),FD.AST.PRVT.GD.ZS,32.8286208346965,35.1535938909125,33.9703564220235,32.1772115960926,29.8651264239303,26.830213002842,26.8602293065219,30.956235629863,30.6324166632513,40.7289901088542,38.1961544617847,36.088177650699,36.8050564288413,37.7915668991683,40.9763430482454,58.1443185535433,66.6343303215979,65.9103006169305,61.0352290814006,65.0937258191226,76.5385883783203,68.1356758999911,55.7481959543922,59.7082928884214,..,..
Oman,OMN,Domestic credit to private sector (% of GDP),FS.AST.PRVT.GD.ZS,32.8286208346965,35.1535938909125,33.9703564220235,32.1772115960926,29.8651264239303,26.830213002842,26.8602293065219,30.9764844412137,30.6458183525274,40.7469449022376,38.2119108803521,36.1030456409534,36.8201690395642,37.8101763629108,40.9964363798579,58.1721127566142,66.6702330425451,65.9487621150617,61.0721758896089,65.1353364973981,76.5893899420194,68.18634950316,55.7897704553203,59.7528169403909,..,..
Oman,OMN,Energy use (kg of oil equivalent per capita),EG.USE.PCAP.KG.OE,3286.26599451763,3303.97268173668,3469.43506166397,3565.24432327227,3658.50755395167,4030.08185259047,6138.77344250291,6889.71721193841,5927.85053888478,5912.23573208102,6736.89412726066,7155.54208650969,6702.98586928623,6348.55461173282,6076.17706116413,6027.44597600521,5557.31259783447,5765.1904185145,5543.48208572922,5104.14096385215,5696.16549726549,5933.45046971652,5867.32005628854,..,..,..
Oman,OMN,Electric power consumption (kWh per capita),EG.USE.ELEC.KH.PC,3182.11355965105,3413.09928894126,3518.40283423329,3583.2195333269,3894.26073707773,4006.01349214286,4323.21521237318,4535.87967195995,5017.64876763211,5626.41288893673,6089.69314358287,6185.72181217728,6091.44468758475,6095.59997840327,6485.79528632416,7071.1451541795,7056.22134257006,7234.10520042773,7407.76667144423,7686.15718495283,7634.49926003268,8255.88877847954,8157.53835017608,..,..,..
Oman,OMN,Oil rents (% of GDP),NY.GDP.PETR.RT.ZS,44.475781466106,36.285347329679,33.51317909328,33.3255110511249,36.7966643908859,42.841561539357,40.7520000982427,37.7986997972135,37.9131008037865,30.5131215016084,32.5688653439524,40.4074409203453,37.5396768679582,35.9895065337986,31.6791185960483,18.8680645519097,16.2724873177614,19.3050063067708,23.7087990780384,21.6117797561797,14.994277961787,23.5387435070386,..,..,..,..
Oman,OMN,Gross fixed capital formation (current US$),NE.GDI.FTOT.CD,3795838751.62549,4099349804.94148,4646814044.21326,5805461638.49155,7523797139.14174,8946944083.22497,11434070221.0663,15492847854.3563,23660598179.4538,20681404421.3264,19205721716.515,22127698309.4928,24171131339.4018,26930559167.7503,27649674902.4707,26770611183.355,29524837451.2354,26942782834.8505,27901430429.1287,25496488946.684,23968010403.1209,23453055916.775,25204161248.3745,25777113133.9402,27358647594.2783,..
Oman,OMN,Gross fixed capital formation (annual % growth),NE.GDI.FTOT.KD.ZG,-12.1212121212121,8.66007351654122,10.3056663042165,18.6600949251552,20.0424602319928,16.478277585544,2.52398556465101,29.5572106200768,31.6490507272788,-1.15269423401203,-7.44748567791216,8.23246217331499,7.11444366778929,9.55590095274258,2.70855669991444,1.26531559079694,15.1148503717279,-3.45170685818695,0.50872229196726,-10.4119089121093,1.84474201704279,-15.6910220260717,1.82974856104209,2.39305051466651,7.12758292076332,..
Oman,OMN,Gross fixed capital formation (% of GDP),NE.GDI.FTOT.ZS,17.0526241996542,18.4607816727375,20.1461319020826,23.4718877824629,26.5119092350413,25.1977674255076,26.8546401891137,32.0760304768059,33.8954318011617,37.2946379577997,29.5502200880352,28.5527790642262,27.6529589064736,29.9441302009231,29.827342408565,34.0113599191126,39.298992626441,33.3216466062388,30.4914165529786,28.9532596561073,31.5744572963491,26.8575768406004,22.9435774082352,24.2780164981252,25.5360863533197,..
Oman,OMN,"Unemployment, female (% of female labor force) (modeled ILO estimate)",SL.UEM.TOTL.FE.ZS,8.416,8.209,8.226,8.538,8.647,8.511,8.247,8.143,7.919,8.343,8.913,9.986,10.789,11.324,11.91,12.657,13.233,10.486,7.773,8.46,10.907,5.875,11.477,11.296,11.425,11.137
Oman,OMN,"Unemployment, female (% of female labor force) (national estimate)",SL.UEM.TOTL.FE.NE.ZS,..,..,..,..,..,..,..,..,8.089,..,..,..,..,..,..,..,13.675,..,7.1,..,9.68,5.6,10.6,9.3,9.7,..
Oman,OMN,"Unemployment, male (% of male labor force) (modeled ILO estimate)",SL.UEM.TOTL.MA.ZS,3.661,3.523,3.543,3.776,3.86,3.761,3.571,3.498,3.343,3.054,2.861,2.843,2.646,2.381,2.161,1.979,1.744,1.313,0.876,1.002,1.532,1.154,1.783,1.725,1.751,1.875
Oman,OMN,"Unemployment, male (% of male labor force) (national estimate)",SL.UEM.TOTL.MA.NE.ZS,..,..,..,..,..,..,..,..,3.415,..,..,..,..,..,..,..,1.802,..,0.8,..,1.36,1.1,1.6,1.7,..,..
Oman,OMN,"Unemployment, total (% of total labor force) (modeled ILO estimate)",SL.UEM.TOTL.ZS,4.433,4.298,4.335,4.599,4.693,4.589,4.387,4.309,4.142,3.977,3.911,3.95,3.753,3.553,3.453,3.403,3.266,2.523,1.8,2.045,2.94,1.9,3.3,3.176,3.203,3.251
Oman,OMN,"Unemployment, total (% of total labor force) (national estimate)",SL.UEM.TOTL.NE.ZS,..,..,..,..,..,..,..,..,4.142,..,..,..,..,..,..,..,3.266,..,1.8,..,2.94,1.9,3.3,3.2,3.3,..
Oman,OMN,Broad money growth (annual %),FM.LBL.BMNY.ZG,6.02405600277668,10.8040508275195,5.5549861907127,2.42239735966085,4.08087581670296,21.6540623928236,24.4498353743116,34.6701889993094,23.2661977658565,4.73499908007441,11.3420938618855,12.1811464065537,10.7270154974111,8.48530598060621,12.0293583025555,14.2100843565087,1.83087447760822,4.18172214160061,..,..,..,..,..,..,..,..
Oman,OMN,Broad money (% of GDP),FM.LBL.BMNY.GD.ZS,28.0886572884049,31.1988264367951,31.7043084104773,30.2822472949811,27.4695601968529,26.709252585626,27.7196156641887,32.9070955873247,28.0672357199542,37.0034649635824,35.1532511364546,33.0725305190316,32.4678482089459,34.2330919567154,37.2079869286364,50.0474329721818,53.393632969848,51.685783578969,..,..,..,..,..,..,..,..
Qatar,QAT,GDP (current US$),NY.GDP.MKTP.CD,17759890109.8901,17538461538.4615,19363736263.7363,23533791208.7912,31734065934.0659,44530494505.4945,60882142857.1429,79712087912.0879,115270054945.055,97798351648.3516,123627197802.198,167775274725.275,186833516483.516,198727747252.747,206224725274.725,161739835164.835,151732142857.143,161099175824.176,183335164835.165,176371428571.429,144411538461.538,179732142857.143,235709340659.341,217308516483.516,219162637362.637,..
Qatar,QAT,GDP growth (annual %),NY.GDP.MKTP.KD.ZG,8.02812545191884,3.89818666233907,7.18215168021513,3.71995867654906,19.2189153397893,7.49275848279068,26.1702456703032,17.9856568160263,17.6635563626089,11.9565611289086,19.5921744776308,13.3752345495477,4.73008513739958,5.55610364218512,5.33434159770252,4.75332372902957,3.06410503214877,-1.49756209084892,1.23483197031548,0.688255893930972,-3.55750284254954,1.62693587314129,4.18497018544697,1.53979117720789,2.35970586926597,..
Qatar,QAT,GDP per capita (current US$),NY.GDP.PCAP.CD,27535.182940934,25870.7991864314,27226.6593510117,31602.470865136,41035.5008380177,53949.6764091147,62582.4453138755,65954.3419525051,80781.4039187792,60785.7351551657,76462.6119486736,103261.510293068,108470.387023229,103697.062789144,95840.6898934238,68985.2433380102,61253.6217997091,63279.8767486216,71039.9308240078,66841.3623185691,51683.5681078949,71751.9363398856,88701.4689763536,81816.9797967481,76688.6941743178,..
Qatar,QAT,GDP per capita growth (annual %),NY.GDP.PCAP.KD.ZG,2.58659735173823,-1.14955560400423,2.16668917936438,-0.942747091301968,14.8021552361276,0.710908911730286,7.05038196586418,-5.0301345727959,-0.340739470062928,-0.705591683176323,19.0056903213096,12.8219517991965,-1.20900847640003,-5.12869057023956,-6.18522597672184,-3.86139446926616,-2.45109169349175,-4.15596174260121,-0.134744639831709,-1.52202223094245,-8.92441265745882,13.3616375901992,-1.79101615520977,1.58952825429188,-4.86788389922177,..
Qatar,QAT,Market capitalization of listed domestic companies (% of GDP),CM.MKT.LCAP.GD.ZS,..,..,..,..,..,..,..,119.813998731699,66.3924121806651,..,..,..,..,76.7765106328858,90.125119455198,88.1393627331914,102.037633976359,81.0743191774912,88.9340624569185,90.7463988336303,114.52947718859,101.984395827124,70.3863620915124,78.9440988213698,0.0777139762733281,..
Qatar,QAT,Market capitalization of listed domestic companies (current US$),CM.MKT.LCAP.CD,..,..,..,..,..,..,..,95506240000,76530570000,..,..,..,..,152576230000,185860280000,142556460000,154823888553.058,130610060000,163047410000,160050720000,165393780000,183298740000,165907230000,171552250000,170320000,..
Qatar,QAT,"Foreign direct investment, net (BoP, current US$)",BN.KLT.DINV.CD,..,..,..,..,..,..,..,..,..,..,..,9170012637.36263,1444230769.23077,8861813186.81318,5707967032.96703,2952472527.47252,7128021978.02197,708791208.791208,5709065934.06593,7262912087.91208,5164010989.01098,1253296703.2967,2307692307.6923,282692307.692307,1102747252.74725,..
Qatar,QAT,"Foreign direct investment, net inflows (% of GDP)",BX.KLT.DINV.WD.GD.ZS,1.41667543235467,1.68498245614035,3.2221054423699,2.65541575709466,3.77817958307362,5.61413033419499,5.74881210770224,5.89621991232182,3.27806417009269,8.3076413079166,3.77775259249383,0.559389030984015,0.211888706229028,-0.422882374002756,0.504490726802349,0.662099797361452,0.510044269018025,0.612038519716031,-1.19249557946474,-1.59472392179342,-1.68550654608129,-0.608353395238639,0.0322850595933247,-0.21820397647038,0.209965001654649,..
Qatar,QAT,"Stocks traded, total value (% of GDP)",CM.MKT.TRAD.GD.ZS,..,..,..,..,..,..,34.0889775327037,37.5603258981499,41.8031292020887,25.8891889006871,14.8846696577578,13.6543361574057,10.388928263689,10.3481321980898,26.5388691521305,14.9327220318888,12.4931647709093,11.3781965196652,10.3526565768574,7.56425238943788,16.0474503955043,17.2290996522603,18.5603378625659,15.8323569442847,13.3401844182152,..
Qatar,QAT,"Stocks traded, total value (current US$)",CM.MKT.TRAD.CD,..,..,..,..,..,..,20754100000,29940120000,48186490000,25319200000,18401500000,22908600000,19410000000,20564610000,54729710000,24152160000,18956146617.5743,18330180816.8357,18980060000,13341180000,23174370000,30966230000,43748450000,34405060000,29236700000,..
Qatar,QAT,Real interest rate (%),FR.INR.RINR,..,..,..,..,-6.11969021542947,-18.3013168722464,-1.09043553056942,-3.19143165809333,-13.0638363628401,41.2529481378795,1.48559796210682,-11.8741237559613,-0.892305470429071,4.3121061593343,6.54371044408067,39.489533311065,14.3010036806249,-2.86772698643374,-6.612932396535,9.93784738580424,22.5996153112488,-15.1999775686584,-16.9329897515394,17.2405728884152,7.76605359681768,..
Qatar,QAT,Domestic credit to private sector by banks (% of GDP),FD.AST.PRVT.GD.ZS,26.8191380750549,34.860546679198,28.6488805970149,29.9643439991595,28.9788065309232,33.7175765465078,35.9945250912635,41.5745316248035,40.7995648060098,51.7329737686314,45.2373388621854,39.7485546141981,37.1241311974873,39.9969939270276,46.0862819020113,70.8000759257592,79.7080803179403,79.9670583781405,80.2896770761531,100.395316919837,138.419555490452,122.882297374756,100.67749171894,115.276944461652,118.865176019615,..
Qatar,QAT,Domestic credit to private sector (% of GDP),FS.AST.PRVT.GD.ZS,26.848992977137,34.8932847744361,28.678248964304,29.9881582480184,28.9848665073759,33.7215866396037,35.9974581586654,41.5768407593261,40.8011854627094,51.7351086840494,45.2424054950745,39.7530248795648,37.1284395521664,40.0053190003995,46.0967802914243,70.8425328629447,79.760609083749,80.0816741444848,80.4367472352924,100.636054966417,138.85767457168,123.316526882953,101.083977869,115.736253465537,119.382843164292,..
Qatar,QAT,Energy use (kg of oil equivalent per capita),EG.USE.PCAP.KG.OE,16938.7214410402,17811.9127028494,19201.3018874398,18983.9448332386,21557.4750763638,20198.1689051663,20140.3428752631,18323.3464644697,15946.7278040391,15063.2666244935,16779.9216747321,16473.4269691009,21456.0669284592,20642.1423232651,17814.5431104326,16427.7565434994,15178.8562114172,16718.237047918,16139.7708310186,15760.736902246,14869.2501075493,17100.7506118977,16683.663609726,..,..,..
Qatar,QAT,Electric power consumption (kWh per capita),EG.USE.ELEC.KH.PC,13180.0697376234,13654.902828484,14308.1108822351,15006.4054186888,15927.1826330735,16206.530588509,16309.1019920212,14954.554668851,14076.2948355149,14072.321327016,16314.001702094,17734.9160891971,18937.6918066136,16963.347397708,16893.7304373892,16644.508962674,16056.9986108829,16835.4400546779,17485.7230539839,17849.9895969806,16636.1982257203,19448.6029438183,19381.0862244213,..,..,..
Qatar,QAT,Oil rents (% of GDP),NY.GDP.PETR.RT.ZS,40.7661397416806,34.9268648116195,31.8348108510858,33.8929726986092,34.825040164201,38.1771562134119,34.1520126219521,30.8003611618771,32.6040710093919,23.0165618959946,26.6026039782648,29.9468705202351,28.3389822463275,25.3595869913171,21.5388184142326,13.0300594635573,11.1615579117458,13.5394624768111,16.2911609453974,14.5084244384971,10.5957303632833,15.2784667126988,..,..,..,..
Qatar,QAT,Gross fixed capital formation (current US$),NE.GDI.FTOT.CD,..,..,..,..,..,..,..,..,..,..,..,..,..,..,..,..,..,..,..,..,..,..,..,..,..,..
Qatar,QAT,Gross fixed capital formation (annual % growth),NE.GDI.FTOT.KD.ZG,..,..,..,..,..,..,..,..,..,..,..,..,..,..,..,..,..,..,..,..,..,..,..,..,..,..
Qatar,QAT,Gross fixed capital formation (% of GDP),NE.GDI.FTOT.ZS,..,..,..,..,..,..,..,..,..,..,..,..,..,..,..,..,..,..,..,..,..,..,..,..,..,..
Qatar,QAT,"Unemployment, female (% of female labor force) (modeled ILO estimate)",SL.UEM.TOTL.FE.ZS,3.795,3.79,3.799,3.792,3.797,3.868,4.251,2.697,1.669,1.744,2.699,3.226,2.713,1.526,1.033,0.873,0.718,0.629,0.453,0.399,0.514,0.439,0.38,0.378,0.38,0.394
Qatar,QAT,"Unemployment, female (% of female labor force) (national estimate)",SL.UEM.TOTL.FE.NE.ZS,..,..,..,..,3.89,..,..,2.64,1.69,1.92,2.7,3.32,2.82,1.63,1.03,0.85,0.7,0.62,0.44,0.44,0.54,0.45,0.4,..,..,..
Qatar,QAT,"Unemployment, male (% of male labor force) (modeled ILO estimate)",SL.UEM.TOTL.MA.ZS,0.316,0.316,0.317,0.316,0.316,0.322,0.354,0.225,0.138,0.127,0.14,0.165,0.135,0.084,0.07,0.062,0.062,0.061,0.051,0.045,0.067,0.078,0.076,0.076,0.076,0.072
Qatar,QAT,"Unemployment, male (% of male labor force) (national estimate)",SL.UEM.TOTL.MA.NE.ZS,..,..,..,..,1.05,..,..,0.22,0.14,0.14,0.14,0.17,0.14,0.09,0.07,0.06,0.06,0.06,0.05,0.05,0.07,0.08,0.08,..,..,..
Qatar,QAT,"Unemployment, total (% of total labor force) (modeled ILO estimate)",SL.UEM.TOTL.ZS,0.87,0.87,0.87,0.87,0.87,0.87,0.87,0.52,0.31,0.31,0.45,0.56,0.48,0.28,0.2,0.17,0.15,0.14,0.11,0.1,0.14,0.14,0.13,0.13,0.13,0.13
Qatar,QAT,"Unemployment, total (% of total labor force) (national estimate)",SL.UEM.TOTL.NE.ZS,..,..,..,..,1.48,..,0.87,0.52,0.31,0.31,0.45,0.56,0.48,0.28,0.2,0.17,0.15,0.14,0.11,0.1,0.14,0.14,0.13,..,..,..
Qatar,QAT,Broad money growth (annual %),FM.LBL.BMNY.ZG,10.6761552139542,38.4546478834056,8.84691844662189,5.52017338370536,20.7789579645462,42.8576715487474,39.6341683819749,39.5398034194089,19.689472773007,16.8890305685668,23.0768603816153,17.0937358668027,22.9340087887797,19.5935127424614,10.600926847831,3.44390039442949,-4.57153882214739,21.2611263498805,-6.51782057332722,2.4814433483213,3.7860600365632,1.43580350369261,17.4168361133101,1.14400394803619,..,..
Qatar,QAT,Broad money (% of GDP),FM.LBL.BMNY.GD.ZS,44.4824119048356,62.3655341478697,61.4841425004256,53.3821276397044,47.8138080892029,48.6771455540406,49.714650897293,52.9844274724972,43.8542698345738,60.4185928660116,58.8253507198841,50.755633680584,56.0311413169743,62.9989584845355,67.14441769754,88.5601894237286,90.0857010166484,102.887291119899,84.5158390026074,90.0328257984523,114.121177647824,93.0108601780733,83.2746840842815,91.3593880174917,..,..
Saudi Arabia,SAU,GDP (current US$),NY.GDP.MKTP.CD,189514933333.333,184137600000,189605866666.667,215807733333.333,258742133333.333,328459608764.111,376900133511.348,415964509673.115,519796800000,429097866666.667,528207466666.667,680660800000,751921333333.333,769755733333.333,787153066666.667,693414400000,689279466666.667,741266133333.333,886564800000,888890133333.333,767951200000,982661066666.667,1239075200000,1218584533333.33,1239804533333.33,..
Saudi Arabia,SAU,GDP growth (annual %),NY.GDP.MKTP.KD.ZG,4.71813422138024,0.344593196175438,-0.688390130317757,8.76873381743964,8.63100545880309,5.94489623934835,3.31348473625901,2.21365396372528,6.2379875365458,-1.06671711240203,5.0395150823517,11.758820686671,5.76157382270968,2.94563789152025,4.02467158380668,4.65512316652699,1.70404739202878,1.18210705878283,3.2269508901591,1.65158925617395,-3.80478901996312,6.51959698325419,12.0005874752929,0.542592439393161,1.99650173436159,..
Saudi Arabia,SAU,GDP per capita (current US$),NY.GDP.PCAP.CD,11714.5623675159,10805.311325122,10586.0543471363,11487.220410693,13154.4978989446,15975.7473782258,17563.6145370639,18596.1502627898,22320.4888964331,17718.3911648365,22028.3901426586,27126.7498747702,28733.4375513452,27865.465604962,27805.4850319422,23256.1549553531,22267.7217050387,23929.2907135982,29360.0658968566,29566.7933827436,24338.8307301067,31920.7653655643,38510.2276211037,36156.848337701,35121.6628687742,..
Saudi Arabia,SAU,GDP per capita growth (annual %),NY.GDP.PCAP.KD.ZG,0.150492543589365,-4.74097088807815,-5.50962678622284,3.69783168216851,3.75594009248144,1.35662290420511,-1.01590810452811,-1.94086075361376,2.04298819113291,-4.86501611210622,6.08720360847519,6.79984191573597,1.40889754697817,-2.47720466086211,1.5065962283723,-0.634810334471936,-2.03439520588341,1.10646877226159,5.89707730206987,2.09953683085793,-8.3434729070232,9.17745692710805,7.15912905732745,-4.01429387790023,-2.61945058525819,..
Saudi Arabia,SAU,Market capitalization of listed domestic companies (% of GDP),CM.MKT.LCAP.GD.ZS,..,..,..,..,..,..,..,..,..,74.2799498109833,66.907344614086,49.785927146091,49.6560921266586,60.7161154846005,61.3750400599765,60.7227179014454,65.1159785322029,60.8929532461216,55.9861140437789,270.766825926444,316.309469924651,271.846631622595,212.948427181821,247.448122597759,219.954139276148,..
Saudi Arabia,SAU,Market capitalization of listed domestic companies (current US$),CM.MKT.LCAP.CD,..,..,..,..,..,..,..,..,..,318733680000,353409590000,338873290000,373374750000,467365780000,483115510000,421060070000,448831069541.549,451378840000,496353180000,2406819600000,2429102370000,2671331010000,2638591150000,3015364550000,2727001390000,..
Saudi Arabia,SAU,"Foreign direct investment, net (BoP, current US$)",BN.KLT.DINV.CD,1881066666.66666,-19640000,614133333.333333,586506666.666666,334320000,-4735323063.11309,-6014447388.89812,-6310147781.23832,-2008363968.58641,1740918718.41709,-972045728.585029,-1253937214.60104,-633512517.612542,1571884876.8061,3886926912.69665,1419284248.71197,-12692875423.2893,7159403360.83698,7111206239.99775,11473648331.7423,3789658451.53325,-3676478911.31512,-178702532.476294,-5458375287.02144,6274462258.11311,..
Saudi Arabia,SAU,"Foreign direct investment, net inflows (% of GDP)",BX.KLT.DINV.WD.GD.ZS,-0.9925690992161,0.0106659367777141,-0.323899963714203,-0.271772775519938,-0.129209725410009,1.33515850333851,1.58553602335569,1.48457884530209,1.05925699592349,0.10169038708409,0.923670092367435,0.688133631504519,0.669626013751334,0.437984195574321,0.191711517264834,0.572622097928938,3.18518611850268,0.136801407151884,1.36945683303735,0.346411455797861,0.211115523412857,2.8850612174452,2.1556449627378,1.87131032249407,1.72104243015611,..
Saudi Arabia,SAU,"Stocks traded, total value (% of GDP)",CM.MKT.TRAD.GD.ZS,..,12.1056210138505,18.8169810498128,73.7029195123066,182.784610263191,335.972664691482,372.259910583914,163.943698114031,100.679073053162,78.0963798779082,38.0931589759175,42.816609976658,67.9829454676996,47.0801754773116,72.0815422091561,63.0129832896461,44.4493762801495,29.4604886031759,25.8951923198394,24.8380223517687,63.2096362373026,60.3776968606877,36.1167740263061,28.1587539160188,38.2356708057421,..
Saudi Arabia,SAU,"Stocks traded, total value (current US$)",CM.MKT.TRAD.CD,..,22291000000,35678100000,159056600000,472940800000,1103534500000,1403048100000,681947600000,523326600000,335109900000,201210910000,291435880000,511178270000,362402350000,567392070000,436941100000,306380423760.474,218380624729.869,229577660000,220782730000,485419160000,593308120000,447513990000,343138220000,474047580000,..
Saudi Arabia,SAU,Real interest rate (%),FR.INR.RINR,..,..,..,..,..,..,..,..,..,..,..,..,..,..,..,..,..,..,..,..,..,..,..,..,..,..
Saudi Arabia,SAU,Domestic credit to private sector by banks (% of GDP),FD.AST.PRVT.GD.ZS,24.2356134468207,27.090480162661,28.9483976585816,28.2333101439677,32.3542594274042,35.4189179790554,33.7245867667594,37.071588765142,37.6843188466467,45.6298013133911,39.1641936148322,33.6286944686693,35.5685109967177,39.0113411908332,42.5570781320296,52.7601798097453,54.375771847036,50.1375935809361,..,..,..,..,..,..,..,..
Saudi Arabia,SAU,Domestic credit to private sector (% of GDP),FS.AST.PRVT.GD.ZS,24.2356134468207,27.090480162661,28.9483976585816,28.2333101439677,32.3542594274042,35.4189179790554,33.7245867667594,37.071588765142,37.6843188466467,45.6298013133911,39.1641936148322,33.6286944686693,35.5685109967177,39.0113411908332,42.5570781320296,52.7601798097453,54.375771847036,50.1375935809361,..,..,..,..,..,..,..,..
Saudi Arabia,SAU,Energy use (kg of oil equivalent per capita),EG.USE.PCAP.KG.OE,6516.00755562211,6348.58935367071,6826.99573187577,6631.81585672969,6375.54473048108,6447.07190249029,6605.44101687621,6696.94747279399,6980.05897029755,7125.05300494705,7965.26121862505,7979.3799657336,7862.42354103658,7401.17130265584,7959.81351652344,7786.91651664863,7521.58911581712,7707.05632967392,7650.66372475004,7668.22165933444,7170.88694947248,7465.87573152761,7529.60103058863,..,..,..
Saudi Arabia,SAU,Electric power consumption (kWh per capita),EG.USE.ELEC.KH.PC,7235.87659622288,7399.51073260015,7364.67326339086,7771.32116451969,7470.86349003634,7662.73554965518,7811.86798504171,7816.6377589584,8007.94336040164,8221.9772402397,9119.88316860859,9027.02855869593,10145.6460027053,10244.6770569538,11159.7355396587,11233.9250281942,11051.2312417204,11201.0854380563,11788.3059837733,11871.75313406,11356.6876296054,12069.9836667183,11835.3177587823,..,..,..
Saudi Arabia,SAU,Oil rents (% of GDP),NY.GDP.PETR.RT.ZS,41.6691708446825,33.3526627413963,31.342447837027,37.0345220176731,42.6409301097693,48.8606315090549,49.6700972841917,47.4394429695294,54.085800995618,34.6315417084598,37.9011314342465,49.1612188808623,47.4093852263553,44.4564985480281,40.3219689900701,23.9567993223384,20.0051771356735,23.6170719123709,28.0842811588989,24.3295780055005,15.9789107766923,23.6862940574499,..,..,..,..
Saudi Arabia,SAU,Gross fixed capital formation (current US$),NE.GDI.FTOT.CD,32886400000,33625333333.3333,34150933333.3333,39492800000,49565866666.6667,63433321768.8346,77084112149.5327,98382121414.2762,118533066666.667,110520533333.333,129045333333.333,152562133333.333,166007466666.667,180115200000,195618133333.333,202595466666.667,177660000000,179316800000,190327733333.333,199673333333.333,187696533333.333,231162400000,300985333333.333,339780266666.667,354934666666.667,..
Saudi Arabia,SAU,Gross fixed capital formation (annual % growth),NE.GDI.FTOT.KD.ZG,..,1.53340836138425,1.8361304163918,14.8454090607173,22.957450185622,22.9348866221831,20.1092542630516,20.6455468415744,12.0817964978338,-4.71547584262409,10.6036553447233,17.8180933494395,6.65731834400228,6.32699234579019,6.4648971161613,4.43283479685823,-12.4063919593014,1.17722765604518,0.0556517703279411,4.08587510442324,-3.08977694515339,3.60429504996237,19.691944442732,9.37866172899278,1.56234426197344,..
Saudi Arabia,SAU,Gross fixed capital formation (% of GDP),NE.GDI.FTOT.ZS,17.3529333132587,18.2609816427136,18.0115383208958,18.2999929566936,19.1564729053276,19.3123659884739,20.452131823724,23.6515662097205,22.8037315094411,25.75648632138,24.4308044616812,22.4138268772542,22.0777705469189,23.3990072694922,24.851346150719,29.2170838486577,25.7747413917838,24.1906100840796,21.4680002334103,22.463218551494,24.4412058127305,23.5241232039586,24.2911272320948,27.8831921276095,28.628276242255,..
Saudi Arabia,SAU,"Unemployment, female (% of female labor force) (modeled ILO estimate)",SL.UEM.TOTL.FE.ZS,9.3,9.159,11.637,12.722,13.643,14.433,15.118,14.789,14.538,17.108,18.743,20.812,22.63,23.517,25.225,25.414,24.341,23.683,22.892,23.288,24.714,18.607,16.864,12.434,10.862,9.687
Saudi Arabia,SAU,"Unemployment, female (% of female labor force) (national estimate)",SL.UEM.TOTL.FE.NE.ZS,9.339,9.145,11.511,12.515,13.36,14.071,14.691,14.214,13.778,15.938,17.38,..,20.538,20.7,21.957,21.4,21.1,21.298,20.873,21.026,22.766,17.275,15.356,12.773,11.206,..
Saudi Arabia,SAU,"Unemployment, male (% of male labor force) (modeled ILO estimate)",SL.UEM.TOTL.MA.ZS,3.766,3.88,4.259,4.431,4.583,4.721,4.843,4.377,3.739,3.788,3.721,3.629,3.222,3.181,3.29,2.85,2.884,3.585,3.552,2.74,4.22,3.74,2.896,2.027,1.836,1.489
Saudi Arabia,SAU,"Unemployment, male (% of male labor force) (national estimate)",SL.UEM.TOTL.MA.NE.ZS,3.782,3.874,4.213,4.359,4.488,4.602,4.706,4.207,3.544,3.529,3.45,..,2.924,2.8,2.864,2.4,2.5,3.224,3.239,2.474,3.887,3.472,2.637,2.082,1.894,..
Saudi Arabia,SAU,"Unemployment, total (% of total labor force) (modeled ILO estimate)",SL.UEM.TOTL.ZS,4.57,4.618,5.265,5.563,5.822,6.051,6.254,5.734,5.085,5.377,5.55,5.77,5.622,5.6,5.877,5.6,5.6,5.89,6.029,5.636,7.66,6.621,5.589,4.008,3.518,3.038
Saudi Arabia,SAU,"Unemployment, total (% of total labor force) (national estimate)",SL.UEM.TOTL.NE.ZS,4.57,4.618,5.265,5.563,5.822,6.051,6.254,5.734,5.085,5.377,5.55,..,5.622,5.6,5.877,5.6,5.6,5.89,6.029,5.636,7.66,6.621,5.589,4.008,3.518,..
Saudi Arabia,SAU,Broad money growth (annual %),FM.LBL.BMNY.ZG,4.46595613546796,5.08729920706328,15.1983856213513,8.49234471316397,17.2519884333968,13.2410107923812,20.4083906483268,20.1413745700629,17.9596695560637,10.8102417262156,5.17233508819135,13.2604479821531,16.4894781602796,8.35198722216788,11.8232615841061,2.9048048129634,0.547707244512817,0.150853085806083,..,..,..,..,..,..,..,..
Saudi Arabia,SAU,Broad money (% of GDP),FM.LBL.BMNY.GD.ZS,44.3369810083568,47.953168355259,53.6481076534903,51.1373560910391,50.010170537874,44.6460704712737,46.8747682415262,50.9931597925876,48.1037043193289,64.5707260565888,55.1682243037837,48.488759863944,51.1312146483409,54.1180905527087,59.1791006509873,69.1306037093694,69.9262174826106,65.120221951219,..,..,..,..,..,..,..,..
Syrian Arab Republic,SYR,GDP (current US$),NY.GDP.MKTP.CD,18937052543.4373,20237024724.7039,20669357462.3831,21828144686.0394,25086950495.0495,28858965517.2414,33751788856.305,40465318382.0585,52557913568.9549,54111735628.7065,61390830874.7007,67539428159.4474,43190318032.5627,21361254635.051,21502061465.9498,16466863117.0009,12597854877.4254,16369843352.3453,21497782867.6426,22583045060.0821,12047752036.091,14353205678.4991,23622827079.5047,..,..,..
Syrian Arab Republic,SYR,GDP growth (annual %),NY.GDP.MKTP.KD.ZG,0.675642589410501,1.04728710191981,3.95483192702744,7.20443505274413,6.90295943489203,6.21507783539282,5.04619555585526,5.67459177685805,4.47667273608019,5.91204279337705,5.19190584075331,2.8500028435797,-26.3390170772532,-26.3000876615061,-10.310339909053,-4.179791613232,-6.4055907393619,-0.723281777470547,1.39317607830837,1.22070522070523,-0.697154504235129,1.85421590064124,0.732781301861365,..,..,..
Syrian Arab Republic,SYR,GDP per capita (current US$),NY.GDP.PCAP.CD,1138.1884854278,1186.82913474027,1183.2473451033,1220.179077256,1368.1148230028,1533.90166536568,1718.78347217338,1937.61138578027,2429.12477087189,2462.20193643202,2730.61477118949,2952.14349372257,1897.66115018696,985.892669227054,1060.59105886854,847.731631942565,656.3490586313,851.502005254153,1098.0668642357,1109.53926036049,572.355289831901,663.614245706815,1051.67149587463,..,..,..
Syrian Arab Republic,SYR,GDP per capita growth (annual %),NY.GDP.PCAP.KD.ZG,-1.80421522520456,-1.40284325455362,1.47328181768793,4.68174171715712,4.2935988060548,3.52095168365396,0.644012233201963,-0.635804298088587,0.843363715439807,4.27155320051828,2.82697106833621,1.07121071780338,-25.9560309972065,-22.5827773307621,-4.14663574302196,0.00846503865736281,-5.28022453338099,-0.882509407808485,-0.435918888364867,-2.63689452644155,-3.98011071488936,-0.874333294023842,-3.00434829701605,..,..,..
Syrian Arab Republic,SYR,Market capitalization of listed domestic companies (% of GDP),CM.MKT.LCAP.GD.ZS,..,..,..,..,..,..,..,..,..,..,..,..,..,..,..,..,..,..,..,..,..,..,..,..,..,..
Syrian Arab Republic,SYR,Market capitalization of listed domestic companies (current US$),CM.MKT.LCAP.CD,..,..,..,..,..,..,..,..,..,..,..,..,..,..,..,..,..,..,..,..,..,..,..,..,..,..
Syrian Arab Republic,SYR,"Foreign direct investment, net (BoP, current US$)",BN.KLT.DINV.CD,-270000000,-110000000,-115000000,-160000000,-275000000,-500000000,-659000000,-1241959115.11048,-1465623386.27635,-2569548271.53071,-1469196863.48146,..,..,..,..,..,..,..,..,..,..,..,..,..,..,..
Syrian Arab Republic,SYR,"Foreign direct investment, net inflows (% of GDP)",BX.KLT.DINV.WD.GD.ZS,1.42577626259779,0.543558163793316,0.556379172450294,0.732998623113997,1.09618743838262,1.73256383601582,1.95248910452015,3.06919397837023,2.7885874585822,4.74859703108017,2.3931861526359,1.19065657189387,..,..,..,..,..,..,..,..,..,..,..,..,..,..
Syrian Arab Republic,SYR,"Stocks traded, total value (% of GDP)",CM.MKT.TRAD.GD.ZS,..,..,..,..,..,..,..,..,..,..,..,..,..,..,..,..,..,..,..,..,..,..,..,..,..,..
Syrian Arab Republic,SYR,"Stocks traded, total value (current US$)",CM.MKT.TRAD.CD,..,..,..,..,..,..,..,..,..,..,..,..,..,..,..,..,..,..,..,..,..,..,..,..,..,..
Syrian Arab Republic,SYR,Real interest rate (%),FR.INR.RINR,..,..,..,..,..,..,..,..,..,..,..,..,..,..,..,..,..,..,..,..,..,..,..,..,..,..
Syrian Arab Republic,SYR,Domestic credit to private sector by banks (% of GDP),FD.AST.PRVT.GD.ZS,8.46883176748767,8.06482082282692,8.21775097169851,10.1042393007393,11.6545148714451,14.7646272863536,14.6985583907359,15.0849880747056,17.5381739655123,19.6374552334295,21.9364555501381,20.7425247885746,..,..,..,..,..,..,..,..,..,..,..,..,..,..
Syrian Arab Republic,SYR,Domestic credit to private sector (% of GDP),FS.AST.PRVT.GD.ZS,8.46883176748767,8.06482082282692,8.21775097169851,10.1042393007393,11.6545148714451,14.7646272863536,14.6985583907359,15.0849880747056,17.5381739655123,19.6374552334295,21.9364555501381,20.7425247885746,..,..,..,..,..,..,..,..,..,..,..,..,..,..
Syrian Arab Republic,SYR,Energy use (kg of oil equivalent per capita),EG.USE.PCAP.KG.OE,928.43318140297,929.373810570742,942.482652914674,924.928080979621,943.040677936742,1105.30501136572,1101.63821463784,1084.27313710466,1066.1371934826,977.72847382215,963.588419410325,904.135064400008,703.569051687656,559.338291333188,618.190560387965,560.58265085038,530.409473294403,596.403223195594,556.886951170305,553.834989219194,509.57367220202,492.146135843866,454.532086054546,..,..,..
Syrian Arab Republic,SYR,Electric power consumption (kWh per capita),EG.USE.ELEC.KH.PC,1050.37370127747,1125.07300013641,1206.46894048041,1259.91542652098,1358.73751661611,1461.82985933256,1492.63976992031,1466.13755663692,1488.91478332696,1546.52809493429,1610.5027123191,1425.81782803798,1118.72869677949,892.881991471145,933.871877789796,793.68356175653,777.489270773103,861.601355092322,873.640587102411,847.911718918199,772.467509688743,775.261214899237,689.514767783153,..,..,..
Syrian Arab Republic,SYR,Oil rents (% of GDP),NY.GDP.PETR.RT.ZS,6.13966972588644,4.92261404061527,5.18459530453076,5.5304418274807,4.57641557385435,5.29082341663287,5.16369608370094,4.59093161345655,5.19652182902386,2.96166778457661,3.83125650391356,18.8708007318397,13.5972766904663,8.17348065756745,3.75849764649316,1.97169808202096,1.84950445227804,1.8857145317546,1.87604739024899,2.46515545695966,4.01504490668102,..,..,..,..,..
Syrian Arab Republic,SYR,Gross fixed capital formation (current US$),NE.GDI.FTOT.CD,3267573791.08227,4117182630.37606,4200264335.09557,5073785815.89108,5435643564.35644,6642471264.36782,7263323558.16227,8252623147.77733,8775002746.44865,9694497386.00714,12559888730.03,14609415017.7139,5523195076.21219,3088042770.89981,1770972031.57642,2134689050.59786,992768798.9343,1468506194.89621,1941315249.1648,1668588194.68469,766921165.220502,781578269.780133,1054991158.34265,..,..,..
Syrian Arab Republic,SYR,Gross fixed capital formation (annual % growth),NE.GDI.FTOT.KD.ZG,-2.31612148216756,14.1301283858238,0,30.1973639894919,10.2710136929604,12.6779451610255,7.10496091161133,-8.28395465693023,-5.86755869854714,11.4871964216025,13.5715247391451,13.0320875108544,-51.2485775864329,5.50138489256999,-35.2893497277788,110.924144667911,-11.8291658107528,66.8399181609079,17.8581947068024,-12.9851077442746,10.8661530386905,24.0402844924801,19.4759042326242,..,..,..
Syrian Arab Republic,SYR,Gross fixed capital formation (% of GDP),NE.GDI.FTOT.ZS,17.2549227689325,20.3448020960813,20.3212138681126,23.2442376063968,21.6672152537195,23.0170109888359,21.5198180727107,20.3943116667442,16.6958734671536,17.9157021547543,20.4589000524604,21.6309427187093,12.7880398381139,14.4562799501146,8.23628950359433,12.9635440303985,7.88045908286559,8.97080175593626,9.03030447891804,7.38867672736526,6.36567853424492,5.44532202273757,4.46598180138214,..,..,..
Syrian Arab Republic,SYR,"Unemployment, female (% of female labor force) (modeled ILO estimate)",SL.UEM.TOTL.FE.ZS,19.864,25.321,23.024,20.776,21.418,22.194,23.159,25.446,24.415,22.013,21.96,21.216,25.649,26.668,27.142,26.363,25.663,25.316,25.1,24.818,27.169,26.588,25.081,25.152,25.313,26.077
Syrian Arab Republic,SYR,"Unemployment, female (% of female labor force) (national estimate)",SL.UEM.TOTL.FE.NE.ZS,..,25.53,24.08,20.93,..,..,23.77,25.68,24.19,22.29,22,..,..,..,..,..,..,..,..,..,..,..,..,..,..,..
Syrian Arab Republic,SYR,"Unemployment, male (% of male labor force) (modeled ILO estimate)",SL.UEM.TOTL.MA.ZS,6.935,8.153,7.917,7.693,6.764,5.919,5.144,5.163,8.428,5.619,6.219,6.011,11.333,11.955,12.236,11.757,11.339,11.14,11.022,10.866,12.569,12.341,10.709,10.746,10.836,10.938
Syrian Arab Republic,SYR,"Unemployment, male (% of male labor force) (national estimate)",SL.UEM.TOTL.MA.NE.ZS,..,8.22,8.3,7.75,..,..,5.28,5.21,8.35,5.69,6.23,..,..,..,..,..,..,..,..,..,..,..,..,..,..,..
Syrian Arab Republic,SYR,"Unemployment, total (% of total labor force) (modeled ILO estimate)",SL.UEM.TOTL.ZS,9.587,11.63,10.94,10.28,9.513,8.81,8.17,8.42,10.94,8.14,8.61,8.626,13.8,14.5,14.782,14.244,13.798,13.603,13.505,13.369,15.179,14.887,13.245,13.27,13.359,13.569
Syrian Arab Republic,SYR,"Unemployment, total (% of total labor force) (national estimate)",SL.UEM.TOTL.NE.ZS,..,11.63,11.68,10.28,..,..,8.17,8.42,10.94,8.14,8.61,..,..,..,..,..,..,..,..,..,..,..,..,..,..,..
Syrian Arab Republic,SYR,Broad money growth (annual %),FM.LBL.BMNY.ZG,18.960029202178,23.536479315669,18.5107981571375,7.80853949909266,10.7232350490634,11.3761123265003,7.2850609647017,12.433260176008,25.1818028892002,8.61351547042452,13.4708842266029,-7.80988123117234,..,..,..,..,..,..,..,..,..,..,..,..,..,..
Syrian Arab Republic,SYR,Broad money (% of GDP),FM.LBL.BMNY.GD.ZS,62.2878259783357,71.4666614647929,81.1537216717051,82.7955347558983,77.7278436740019,72.8042383423679,68.1561019321086,65.4651973503685,67.6489601698823,71.3583880642304,72.0066202441767,57.8481117496972,..,..,..,..,..,..,..,..,..,..,..,..,..,..
Tunisia,TUN,GDP (current US$),NY.GDP.MKTP.CD,21473528160.7782,22065832448.8623,23141616604.5242,27453902261.4629,31183885241.4396,32272186694.8043,34376664600.5898,38915353866.757,44859439902.2191,43455740497.3061,46206091937.9628,48123325825.0739,47311401812.6733,48685446413.953,50271812920.612,45779494041.9295,44360072680.4476,42163530590.9462,42686504459.801,41905642418.825,42491780918.361,47073234359.1819,44929920092.7955,48205328303.3398,51332285656.5422,..
Tunisia,TUN,GDP growth (annual %),NY.GDP.MKTP.KD.ZG,4.7099729138049,3.79627166202512,1.32255714828946,4.70239953285241,6.23579072222647,3.4865455430439,5.24409983246916,6.70952097453554,4.23778147502819,3.04345012371552,2.97113275066512,-2.04663389535644,4.21667711535632,2.42993096446429,3.09032803070775,0.967834205635981,1.117231963992,2.25261437620587,2.60696965356362,1.55009304966742,-8.97512622934723,4.73603648206102,2.75228761004381,0.184015548469745,1.61444564976986,..
Tunisia,TUN,GDP per capita (current US$),NY.GDP.PCAP.CD,2199.04465936314,2235.71981624751,2320.7723805785,2725.8643148859,3067.41936376975,3146.8260743927,3322.56933570096,3726.91672935667,4255.05008019523,4080.09032448781,4291.86120891575,4420.64772206537,4297.26782454273,4369.79345826358,4458.97895464547,4014.94773686432,3847.80354448809,3619.03247319953,3628.10366464236,3528.87213306798,3548.65363663803,3906.93926319391,3707.29283414381,3951.11683376921,4181.13789301228,..
Tunisia,TUN,GDP per capita growth (annual %),NY.GDP.PCAP.KD.ZG,3.54145974209786,2.6947331733366,0.287760873614303,3.66160593216975,5.24794746880204,2.58534081098441,4.31907482857264,5.73567938504127,3.23983058347032,1.99812423215356,1.86835635362381,-3.1268978636142,3.04657312459409,1.2189966874892,1.87486431059185,-0.165402101671091,0.00849827158573646,1.18340493178839,1.60391587948506,0.613127731689971,-9.72752601384167,4.08785924151975,2.15276458662672,-0.481913639518325,0.979801739421518,..
Tunisia,TUN,Market capitalization of listed domestic companies (% of GDP),CM.MKT.LCAP.GD.ZS,..,..,..,..,..,..,..,..,..,..,23.0526096305682,20.0775192369722,..,17.665484520514,17.3929872268739,19.2646515313656,19.0491121619026,21.1618663687427,19.5119982425444,20.2913724958912,20.1726305999476,17.1647223947847,17.257631404609,16.4972219460002,16.1731937197344,..
Tunisia,TUN,Market capitalization of listed domestic companies (current US$),CM.MKT.LCAP.CD,..,..,..,..,..,..,..,..,..,..,10651710000,9661970000,..,8600520000,8743770000,8819260000,8450200000,8922590000,8328990000,8503230000,8571710000,8079990000,7753840000,7952540000,8302070000,..
Tunisia,TUN,"Foreign direct investment, net (BoP, current US$)",BN.KLT.DINV.CD,-750720443.574374,-451514809.247851,-790302916.627592,-539481939.009799,-592147521.678619,-712714847.262545,-3239909092.61659,-1515345043.99628,-2600674976.49755,-1525244857.52902,-1334497694.56476,-432666011.578487,-1554269128.7808,-1058622582.18394,-1024754443.57724,-970521888.740202,-622569482.161978,-810936482.841997,-976709557.025289,-809966779.857975,-592186326.121913,-531409630.271852,-609667499.681025,-717936387.06551,-725009529.060108,..
Tunisia,TUN,"Foreign direct investment, net inflows (% of GDP)",BX.KLT.DINV.WD.GD.ZS,3.49602747137556,2.04621697501891,3.41507220577273,1.96504647635127,1.89888949723214,2.20844919497596,9.42473369729129,3.89395159860218,5.79738619600755,3.50988118042442,2.88814231758981,0.899077534980039,3.28518933963283,2.1744128074392,2.03842746868013,2.11999260597179,1.40344558640993,1.9233125677007,2.32248034984414,1.94487649950903,1.46634304906862,1.16289301361367,1.43159199894021,1.46351333844229,1.4797736580075,..
Tunisia,TUN,"Stocks traded, total value (% of GDP)",CM.MKT.TRAD.GD.ZS,..,..,..,..,..,..,..,..,..,..,3.97263634081954,2.18324478199837,2.64481700405844,0.948743482955149,1.76480605822003,..,..,..,1.96835044385341,1.09214409703072,1.25252457886514,1.21699731874969,1.26902073011126,1.22685607756565,1.06969715643281,..
Tunisia,TUN,"Stocks traded, total value (current US$)",CM.MKT.TRAD.CD,..,..,..,..,..,..,..,..,..,..,1835600000,1050650000,1251300000,461900000,887200000,..,..,..,840220000,457670000,532220000,572880000,570170000,591410000,549100000,..
Tunisia,TUN,Real interest rate (%),FR.INR.RINR,..,..,..,..,..,..,..,..,..,..,..,..,..,..,..,..,..,..,..,..,..,..,..,..,..,..
Tunisia,TUN,Domestic credit to private sector by banks (% of GDP),FD.AST.PRVT.GD.ZS,53.3978065734845,49.59691379495,50.6104731863883,49.5127098566146,49.5499184932477,49.9978164744095,48.5359735727639,47.9532263279688,48.4560078884052,49.9272360398588,52.2007323203507,57.8890539962198,57.8089007688148,57.9172338161806,59.7678392192062,60.0965931335546,62.2091644703427,64.7159058604481,63.48659473703,59.2550839084243,67.6149174876154,64.6050164994358,65.9674313172459,62.6922325320763,60.5717758246008,..
Tunisia,TUN,Domestic credit to private sector (% of GDP),FS.AST.PRVT.GD.ZS,53.482353380853,49.600324767946,50.6744247756009,49.5788001954205,49.6164802183182,50.065558636163,48.5995857004839,48.0115559813836,48.5083070989921,49.9770695318279,52.247103865602,57.9347986271264,57.8520427359494,57.9598823065191,59.8085555890782,60.1365541399108,62.2469554675417,64.7537285373031,63.5224389825305,59.2903583224447,67.6567184648518,64.667534646183,66.0067667517737,62.730565226498,60.6117249735149,..
Tunisia,TUN,Energy use (kg of oil equivalent per capita),EG.USE.PCAP.KG.OE,748.273831151715,781.40012180483,783.697921952401,797.158334635846,832.55467184916,810.836929733225,845.985604662777,865.764456490386,894.304160812003,859.962925384995,955.707047372167,902.903041115908,930.16863461378,935.797099690451,939.769133002953,952.983955126789,955.176493865808,973.953481456321,973.074341333009,950.614263724593,896.515593998175,964.474882954034,956.041118887201,..,..,..
Tunisia,TUN,Electric power consumption (kWh per capita),EG.USE.ELEC.KH.PC,970.820594299911,1027.38924485573,1055.40632491652,981.07238231103,1019.95216877794,1067.82018419045,1092.06961641768,1135.92592471994,1174.46919105138,1259.16831045827,1348.41417130628,1305.43398032433,1387.96457325108,1401.62409242461,1442.84055897809,1438.92476090713,1442.05656261943,1457.53426162555,1464.78938361724,1533.80006418483,1423.24360072781,1519.59286298466,1595.4672096668,..,..,..
Tunisia,TUN,Oil rents (% of GDP),NY.GDP.PETR.RT.ZS,3.22928353115798,2.34162232250109,2.3626975077068,2.11725730006367,2.60869066831261,3.79249223607583,4.1077575724331,5.51629477963382,5.93514843614258,3.44832785220984,4.12711827435362,5.01344964105154,5.06594682844413,4.28421078126965,3.35507824664457,1.62596299660366,1.266744868786,1.48811485046411,1.99021548871455,1.66141181151334,0.916677526611502,1.5489621013289,..,..,..,..
Tunisia,TUN,Gross fixed capital formation (current US$),NE.GDI.FTOT.CD,5404167119.60388,5588188888.26333,5730752539.33052,6287050101.74953,6900624424.41269,6922361308.83059,7763490543.00257,8967361190.23723,10599752301.277,10574290422.3214,12017191840.1565,11121707606.9252,11286718479.8949,11348603829.2367,10827867524.7029,9605199770.59836,9092737402.07902,8452214885.76831,8366910766.578,8144230929.79121,6733068834.05313,7463892040.95092,7330229411.00657,7586005517.41101,7808480141.42673,..
Tunisia,TUN,Gross fixed capital formation (annual % growth),NE.GDI.FTOT.KD.ZG,4.29968007812936,12.8056983966191,-1.70029121207077,-1.7723011856209,0.999925988578653,2.70056417404385,9.45631507693483,6.29899174135264,5.30007630009375,3.48381370706534,40.3838345339306,-13.1406107675344,6.42455017110058,0.523804584586657,-2.49703348294898,-0.302661516482345,1.29999999999998,0.499999910932942,2.20000001981006,0.599999948990487,-22.399999683599,3.99999942499161,2.2000001809467,1.89999992622852,0.700000159874421,..
Tunisia,TUN,Gross fixed capital formation (% of GDP),NE.GDI.FTOT.ZS,25.1666474141621,25.3250762291157,24.763838401031,22.9003878642588,22.1288154794856,21.4499295455088,22.5836061561056,23.0432471999118,23.628811069379,24.3334719448099,26.0078083562899,23.1108457618913,23.8562334816964,23.3100539589265,21.5386454071231,20.9814458888535,20.4975710197309,20.0462692931679,19.6008337353023,19.4346881701368,15.8455792827072,15.8559150280589,16.3148062490812,15.7368610160164,15.2116354094814,..
Tunisia,TUN,"Unemployment, female (% of female labor force) (modeled ILO estimate)",SL.UEM.TOTL.FE.ZS,16.108,15.565,15.741,16.207,16.314,15.173,15.159,15.173,15.957,18.814,18.987,27.443,25.673,23.056,21.57,22.236,23.501,22.676,22.773,25.276,24.607,22.357,20.155,20.453,20.72,20.415
Tunisia,TUN,"Unemployment, female (% of female labor force) (national estimate)",SL.UEM.TOTL.FE.NE.ZS,16.1,15.56,15.73,16.18,..,15.16,15.139,15.153,15.938,18.77,18.94,27.373,25.606,23.002,21.84,22.212,23.456,22.629,22.761,25.212,..,..,20.153,20.45,..,..
Tunisia,TUN,"Unemployment, male (% of male labor force) (modeled ILO estimate)",SL.UEM.TOTL.MA.ZS,14.557,14.014,14.15,13.933,13.512,12.07,11.554,11.35,11.163,11.296,10.916,15.079,14.673,13.293,11.488,12.415,12.399,12.412,12.508,13.825,14.739,14.156,13.184,12.82,13.037,12.834
Tunisia,TUN,"Unemployment, male (% of male labor force) (national estimate)",SL.UEM.TOTL.MA.NE.ZS,14.55,14.01,14.14,13.91,..,12.059,11.539,11.335,11.15,11.269,10.889,15.041,14.635,13.262,11.632,12.402,12.375,12.387,12.502,13.79,..,..,13.183,12.818,..,..
Tunisia,TUN,"Unemployment, total (% of total labor force) (modeled ILO estimate)",SL.UEM.TOTL.ZS,14.94,14.4,14.55,14.51,14.23,12.872,12.51,12.365,12.444,13.29,13.049,18.334,17.63,15.934,14.259,15.159,15.557,15.33,15.459,17.153,17.651,16.632,15.3,15.106,15.341,15.108
Tunisia,TUN,"Unemployment, total (% of total labor force) (national estimate)",SL.UEM.TOTL.NE.ZS,14.94,14.4,14.55,14.51,14.23,12.872,12.51,12.365,12.444,13.29,13.049,18.334,17.63,15.934,14.259,15.159,15.557,15.33,15.459,17.153,..,..,15.3,15.106,..,..
Tunisia,TUN,Broad money growth (annual %),FM.LBL.BMNY.ZG,14.1385907779219,18.3672411997566,3.10810755198832,4.7396479693325,8.15543612778854,11.1695286669981,11.7673355673498,13.374679995818,13.3314698196958,12.8538093581906,11.754481466612,9.58076537706858,8.06566316312261,6.24244037691929,7.94682990343025,5.41253975321252,8.0401615104041,11.9644084180508,7.11393184065234,10.947581497216,10.312212913936,8.68328822281857,9.13387825590637,8.95360388445458,10.4161252870854,..
Tunisia,TUN,Broad money (% of GDP),FM.LBL.BMNY.GD.ZS,50.0851889350194,54.9650706464449,54.6842615960117,53.2734534335118,52.4772543961687,54.113544833436,55.3457485687972,57.5782977249506,58.8689381757723,62.5817426630804,62.047134742382,66.3781219898579,65.7638481241703,65.2741104776149,65.3029596183499,65.4210131890978,66.6125821333258,69.665911392343,67.3740579985927,68.6809915970897,77.9617029890554,76.9744508569641,79.2460863679528,80.4083159580535,83.2115540377289,..
United Arab Emirates,ARE,GDP (current US$),NY.GDP.MKTP.CD,104337372362.151,103311640571.818,109816201497.617,124346358066.712,147824370319.946,180617467964.602,222116541865.214,257916133424.098,315474615738.598,253547358747.447,307736419332.88,368881143635.126,392793464942.138,409632675289.313,424935874744.724,381973042886.317,381717086453.37,403365010211.028,440560108917.631,433926208304.969,357161878829.135,422441388699.796,511403403675.97,522622191967.325,552324846834.581,..
United Arab Emirates,ARE,GDP growth (annual %),NY.GDP.MKTP.KD.ZG,10.8527042153779,1.39908503706683,2.43345681089617,8.80054081355328,9.56643663767056,4.85514119553341,9.83731976924005,3.18439017324592,3.19183627331763,-5.24292190384988,1.60285004671343,6.73646786920814,4.6832657020049,4.91847806719888,4.63288144983127,7.08767348587587,5.65793329224303,-1.06137661464977,1.53716683173516,1.27134240761141,-8.69342617885171,4.55278571242283,7.51448425801082,4.30118228020602,3.99180705485398,..
United Arab Emirates,ARE,GDP per capita (current US$),NY.GDP.PCAP.CD,29865.502347066,27745.1708087672,27753.6089526346,29659.5428567811,33376.7152295209,38719.3138307623,44342.6048322482,45854.7325158162,50054.1700681803,37803.0663738777,44795.2949302268,51921.904511613,53141.6124340099,53247.2409495441,52725.2358407934,44910.334995523,42721.0999383185,43733.6192287435,47135.3591943971,45938.6073581994,37991.7492971665,44118.5047192771,50759.7589231191,49850.6872175164,50273.5060469837,..
United Arab Emirates,ARE,GDP per capita growth (annual %),NY.GDP.PCAP.KD.ZG,3.63193280286305,-4.86457732769431,-3.6045063779694,2.68556331171168,3.71551069282259,-0.445687772577529,2.28744303095432,-8.10764986229219,-7.90935166190489,-10.9561860264524,-0.804617484632146,3.21040480797836,0.619829719966987,0.805452996724028,-0.124078023674471,1.47473600077311,0.574841518832997,-4.15218113866617,0.195794810557288,0.209030520233554,-8.258825738052,2.65160401509495,2.18063316393284,0.234354339957449,-0.766018786578641,..
United Arab Emirates,ARE,Market capitalization of listed domestic companies (% of GDP),CM.MKT.LCAP.GD.ZS,..,..,..,..,..,..,..,48.9325845283505,34.02944156019,54.5239203764302,42.7283713396841,25.4083602854768,25.7967428289385,44.0210976511191,47.4422005722883,51.2795637409146,55.8562273946487,57.5418997990357,52.5189378966808,56.880357829535,82.5485466048425,131.393728182834,170.816665223741,190.227205289085,190.859117789375,..
United Arab Emirates,ARE,Market capitalization of listed domestic companies (current US$),CM.MKT.LCAP.CD,..,..,..,..,..,..,..,126205030000,107354250000,138243960000,131490760000,93726650000,101327920000,180324800000,201598930000,195874110000,213212763813.622,232103890000,231377490000,246818780000,294831940000,555061490000,873562240000,994169590000,1054162330000,..
United Arab Emirates,ARE,"Foreign direct investment, net (BoP, current US$)",BN.KLT.DINV.CD,..,..,..,..,..,..,..,..,..,..,..,..,..,..,..,..,..,..,..,..,..,..,..,-8386657590.19741,31531654186.5214,..
United Arab Emirates,ARE,"Foreign direct investment, net inflows (% of GDP)",BX.KLT.DINV.WD.GD.ZS,-0.485281532912816,1.14589216998935,0.0867813662286139,3.42266271097113,6.76715211324682,6.03481604123485,5.76543753223521,5.50043971722883,1.60487460715228,0.447367365845778,2.85854032456409,1.938861867408,2.43554239157448,2.38382217021709,2.60546065371654,2.23861395699196,2.51620200951453,2.56696112401594,2.35729150002132,4.11928564301823,5.56735507865122,4.89230472033291,4.44591399207935,5.87184069440898,8.26261712974626,..
United Arab Emirates,ARE,"Stocks traded, total value (% of GDP)",CM.MKT.TRAD.GD.ZS,..,..,..,..,..,..,9.08877377185638,18.4571935721925,22.5486848865656,25.9527767613405,9.00695148792828,4.067535101453,4.57029752331661,..,33.9026371506264,15.0791635882908,12.9592391212079,10.9502457778606,5.77216581466627,6.7410770403252,10.5020306542693,28.3256454506722,28.6412563833475,21.3185206660658,21.8212381157092,..
United Arab Emirates,ARE,"Stocks traded, total value (current US$)",CM.MKT.TRAD.CD,..,..,..,..,..,..,20187670000,47604080000,71135377000,65802580000,27717670000,15004370000,17951830000,..,144064467737.544,57598340000,49467630000,44169460000,25429860000,29251300000,37509250000,119659250000,146472360000,111415320000,120524120000,..
United Arab Emirates,ARE,Real interest rate (%),FR.INR.RINR,..,..,..,..,..,..,..,..,..,..,..,..,..,..,..,..,..,..,..,..,..,..,..,..,..,..
United Arab Emirates,ARE,Domestic credit to private sector by banks (% of GDP),FD.AST.PRVT.GD.ZS,31.2720686676462,34.4082422274467,36.1001735680635,36.1630702795503,37.7109332547409,43.7556575674849,47.286885376531,56.0323776363312,67.610924076344,84.4646663341218,70.0809264512521,60.4639644028711,57.7133017315363,57.1648976053859,61.4525909327127,74.1377933783672,78.4671892120161,74.7748349824958,71.1874913857414,72.7325153081651,86.0266666260063,73.8536279115337,63.5529827823328,66.0640952832499,67.9657939482738,..
United Arab Emirates,ARE,Domestic credit to private sector (% of GDP),FS.AST.PRVT.GD.ZS,..,..,..,..,..,..,..,..,..,..,..,..,..,..,..,..,81.9398711422571,78.1489012109159,73.9842900645691,75.2884988271793,88.835666097675,76.1676429790591,65.4574313053044,..,..,..
United Arab Emirates,ARE,Energy use (kg of oil equivalent per capita),EG.USE.PCAP.KG.OE,8956.94929901911,11703.2751045514,10866.2518811768,10102.2168560285,9441.12715739602,9535.23423153349,9239.48012400956,8929.91291284475,9426.22252523971,9485.64696621464,8944.43348137498,8558.24529408267,8614.16881429917,8858.22242582428,9633.42212114175,10146.376786057,10355.5476088804,8521.13677246594,8482.30317231137,8816.50943614681,8154.35294132635,8674.22641438132,8335.80957162683,..,..,..
United Arab Emirates,ARE,Electric power consumption (kWh per capita),EG.USE.ELEC.KH.PC,10724.5443421137,10875.2574800126,11107.3875879303,11063.4408414922,11101.0084292793,12205.0510312361,12502.6451857619,13134.3633853575,11974.777649578,11984.8374652493,12827.3767154335,13085.7207041471,13475.0322264325,13409.1491377066,13560.3714401993,14046.2870111674,13705.6181271716,13672.1157729536,13702.8027322154,13914.1426572805,13855.0657916711,14828.6941032372,14687.9739775088,..,..,..
United Arab Emirates,ARE,Oil rents (% of GDP),NY.GDP.PETR.RT.ZS,20.8440561536495,15.8062390008792,14.6453240587361,17.8057010079321,20.9182068452778,23.9417369873026,25.8820272214672,23.7183455650517,26.67204274176,18.418263242659,22.6797378677807,28.5990789001782,27.0648520266069,26.2480640478396,22.9458647037024,13.1025344354216,11.0807563620506,13.4985731745503,17.0989945007163,15.681591549088,10.4940977026696,15.6730945329946,..,..,..,..
United Arab Emirates,ARE,Gross fixed capital formation (current US$),NE.GDI.FTOT.CD,..,21672821592.9204,23139830197.4132,25853443648.7406,27619676405.7182,33195915588.8359,39044114853.6419,60798638529.612,70583970646.6984,73308153410.4833,..,..,..,..,..,..,..,..,..,..,..,..,..,..,..,..
United Arab Emirates,ARE,Gross fixed capital formation (annual % growth),NE.GDI.FTOT.KD.ZG,..,..,5.80420825316391,7.55128601879618,2.60821113926124,15.0783954551015,14.8854286664014,43.2899515851767,0.368590543211212,9.05508998552082,..,..,..,..,..,..,..,..,..,..,..,..,..,..,..,..
United Arab Emirates,ARE,Gross fixed capital formation (% of GDP),NE.GDI.FTOT.ZS,..,20.9781022476885,21.0714174063972,20.7914763654519,18.6841157151146,18.3791279785529,17.5782112065002,23.5730265192985,22.3738986039956,28.9130021991292,..,..,..,..,..,..,..,..,..,..,..,..,..,..,..,..
United Arab Emirates,ARE,"Unemployment, female (% of female labor force) (modeled ILO estimate)",SL.UEM.TOTL.FE.ZS,2.715,3.631,4.564,5.528,6.267,7.096,6.78,6.627,6.338,6.375,6.075,5.671,5.195,4.832,4.594,4.227,3.952,6.904,5.754,5.571,5.717,6.418,7.418,4.34,4.345,4.185
United Arab Emirates,ARE,"Unemployment, female (% of female labor force) (national estimate)",SL.UEM.TOTL.FE.NE.ZS,2.71,..,..,..,..,7.06,..,..,..,..,..,..,..,..,..,..,4.02,7.135,5.95,5.348,5.715,6.186,7.066,4.266,5.508,..
United Arab Emirates,ARE,"Unemployment, male (% of male labor force) (modeled ILO estimate)",SL.UEM.TOTL.MA.ZS,2.184,2.272,2.379,2.511,2.466,2.513,2.361,2.319,2.192,2.276,2.135,1.925,1.674,1.49,1.374,1.189,1.052,1.282,1.293,1.396,3.837,2.188,1.526,1.523,1.528,1.584
United Arab Emirates,ARE,"Unemployment, male (% of male labor force) (national estimate)",SL.UEM.TOTL.MA.NE.ZS,2.18,..,..,..,..,2.5,..,..,..,..,..,..,..,..,..,..,1.07,1.325,1.337,1.34,3.836,2.109,1.454,1.497,1.01,..
United Arab Emirates,ARE,"Unemployment, total (% of total labor force) (modeled ILO estimate)",SL.UEM.TOTL.ZS,2.25,2.443,2.659,2.903,2.965,3.12,2.964,2.934,2.818,2.932,2.798,2.587,2.323,2.125,1.999,1.793,1.64,2.462,2.236,2.331,4.294,3.105,2.872,2.151,2.16,2.174
United Arab Emirates,ARE,"Unemployment, total (% of total labor force) (national estimate)",SL.UEM.TOTL.NE.ZS,2.25,..,..,..,..,3.12,..,..,..,..,..,..,..,..,..,..,1.64,2.462,2.236,2.331,4.294,3.105,2.872,2.151,1.875,..
United Arab Emirates,ARE,Broad money growth (annual %),FM.LBL.BMNY.ZG,15.3225733203753,21.9470894470304,10.5228146091,15.1746061427703,23.7397004505419,30.6458755320109,23.3012268263518,41.4079939725762,21.2711344233023,8.07943323888304,6.27708897543933,5.07919360403586,4.48701315470708,22.7442635607822,7.91290473523929,5.45472478026138,3.2555987991409,4.13593318400104,2.53052371254229,8.00454284211942,4.63080770411969,5.70929259769499,8.99537755314214,18.7400983197593,14.5683423583929,..
United Arab Emirates,ARE,Broad money (% of GDP),FM.LBL.BMNY.GD.ZS,33.1356885424306,40.8091994981709,42.4319365236796,43.1601490818154,44.9240631072879,48.0353567361898,48.1623050962153,58.6521072174004,58.1507270928829,78.1994209488793,68.4736347532478,60.025053221487,58.9002408262128,69.3246901040697,72.1161467841702,84.60367722748,87.4166105505844,86.1465628160107,80.8693926970865,88.6779192190734,112.726456284588,100.748284148159,90.7086254458559,105.395424444989,114.25616765422,..
West Bank and Gaza,PSE,GDP (current US$),NY.GDP.MKTP.CD,4313600000,4003700000,3555800000,3968000000,4603100000,5125700000,5348300000,5815700000,7310400000,8085700000,9681500000,11186100000,12208400000,13515500000,13989700000,13972400000,15405400000,16128000000,16276600000,17133500000,15531700000,18109000000,19165500000,17847900000,13711100000,..
West Bank and Gaza,PSE,GDP growth (annual %),NY.GDP.MKTP.KD.ZG,-8.5555726838292,-9.31108114182962,-12.4883821798129,14.0156476793996,21.9244861205987,11.2906511829271,-0.996556103477076,3.78828152085981,7.42918225547835,8.59349087893864,5.77736205629419,9.60080848913594,6.09645656326154,4.69856986552234,-0.157866650855297,3.72129967114788,8.86461881995935,1.41936756294787,1.22707737782703,1.36268746558062,-11.3184661065134,7.01198227592003,4.08276027347105,-4.55580428525744,-26.5575264529877,..
West Bank and Gaza,PSE,GDP per capita (current US$),NY.GDP.PCAP.CD,1476.17185000238,1335.55319529359,1156.21747345769,1257.69857009689,1422.19088643544,1543.70141392774,1570.10439962728,1664.24571669276,2035.20234121766,2191.78178736868,2557.07562356699,2880.79843707909,3067.43872735614,3315.29753909282,3352.11259506043,3272.15432360708,3527.61382413178,3620.36048715937,3562.33094270256,3656.85827137011,3233.56863835858,3678.63565662194,3799.95527015163,3455.02852911712,2592.30591217647,..
West Bank and Gaza,PSE,GDP per capita growth (annual %),NY.GDP.PCAP.KD.ZG,-10.8625929085069,-11.5990690763047,-14.696224583011,11.1391726672237,18.8484471333478,8.4829084168252,-3.49430234961132,1.16982596233521,4.51371143942183,5.73457681316152,3.06565425625401,6.86783487502541,3.51036746369036,2.21485047926886,-2.47102630481804,1.37258508832343,6.44666146094556,-0.577622802403482,-1.30481419195327,-1.15161366535136,-13.4963869730477,4.41469534491321,1.58856471383393,-6.81291948696484,-28.2706767006663,..
West Bank and Gaza,PSE,Market capitalization of listed domestic companies (% of GDP),CM.MKT.LCAP.GD.ZS,10.503987388724,12.7961635487174,11.765284886664,11.6224798387097,16.8890530294801,61.6795754726184,36.1490567096087,30.1478755781763,24.9036988400088,29.3772957196037,25.3049630739038,24.8743529916593,23.4194489040333,24.0278199104732,22.7829045655018,23.898542841602,22.0060498266841,24.1287822420635,22.9465613211604,21.9307205182829,22.1927412968316,24.3366281959247,25.5468419816858,25.9136929274593,29.7573498844002,..
West Bank and Gaza,PSE,Market capitalization of listed domestic companies (current US$),CM.MKT.LCAP.CD,453100000,512320000,418350000,461180000,777420000,3161510000,1933360000,1753310000,1820560000,2375360000,2449900000,2782470000,2859140000,3247480000,3187260000,3339200000,3390120000,3891490000,3734920000,3757500000,3446910000,4407120000,4896180000,4625050000,4080060000,..
West Bank and Gaza,PSE,"Foreign direct investment, net (BoP, current US$)",BN.KLT.DINV.CD,156135123.537344,344518636.025423,336713148.981665,30528000,-57933440.6507552,-4059277.01055604,110835434.38065,15563827.3253155,-55783519.6128342,-231154537.187959,-121859266.492298,-477386324.439714,-29313100.0658956,-224046097.37779,27743706.7723433,-29667905.7223233,-341458101.286623,-191195726.097746,-282509581.01843,-188356868.506144,-138848318.032441,-295522693.604588,-390225123.543679,-100376299.064141,-151487835.18594,..
West Bank and Gaza,PSE,"Foreign direct investment, net inflows (% of GDP)",BX.KLT.DINV.WD.GD.ZS,1.43744162248919,0.478966972250668,0.265481748129816,0.324395161290323,0.445786535161087,0.707064400959869,0.347548940784922,0.33694998022594,0.70458524841322,3.7160419011341,1.85860711452246,2.13515604683715,0.515918270255689,1.40253913684002,1.14163752860063,0.751035803856381,1.92447798073354,1.14056698202946,1.29446294401352,0.769720046510608,0.513433766585376,1.95194132723981,1.62179695015304,0.580098297204125,1.18281329825606,..
West Bank and Gaza,PSE,"Stocks traded, total value (% of GDP)",CM.MKT.TRAD.GD.ZS,3.10969955489614,1.32077828009092,0.899094437257439,1.04208669354839,3.0898742152028,18.3935852664026,8.63825888600116,10.9297247106969,11.7167323265485,5.11928466304711,3.86241801373754,2.70398083335568,1.98977753022509,1.7783285856979,2.52978977390509,2.29294895651427,2.89482908590494,2.90835813492063,2.17176805966848,1.5985642163014,1.22388405647804,2.31194433706997,2.46667188437557,1.84649174412676,1.19749691855504,..
West Bank and Gaza,PSE,"Stocks traded, total value (current US$)",CM.MKT.TRAD.CD,134140000,52880000,31970000,41350000,142230000,942800000,462000000,635640000,856540000,413930000,373940000,302470000,242920000,240350000,353910000,320380000,445960000,469060000,353490000,273890000,190090000,418670000,472750000,329560000,164190000,..
West Bank and Gaza,PSE,Real interest rate (%),FR.INR.RINR,..,..,..,..,12.756366559712,7.27469046188473,2.21492338698343,3.06123766662527,-8.39329411334679,4.25610648353702,-6.06253496194225,1.29651407870956,3.98603685527007,1.68103260351344,2.63940419367075,10.8929228684251,4.81021837744655,2.48648397866908,6.19365815999576,2.00529807738656,3.22478542182297,-3.1194174840674,..,..,..,..
West Bank and Gaza,PSE,Domestic credit to private sector by banks (% of GDP),FD.AST.PRVT.GD.ZS,21.4886550445104,21.4106079563675,24.1965214324871,21.693137535179,23.117606716899,26.4462262043374,26.2113631808238,22.8636651993741,17.569095535128,19.5237559766007,21.3550690905335,22.9531168861355,24.0421280757511,24.0930593762717,27.3009808144563,32.5762710844236,36.5113368623989,41.7224015438988,44.8121048130445,44.9028085796831,52.2053453839567,47.3178079179414,47.6964589509274,55.0474969376509,68.5246496764126,..
West Bank and Gaza,PSE,Domestic credit to private sector (% of GDP),FS.AST.PRVT.GD.ZS,21.4886550445104,21.4106079563675,24.1965214324871,21.693137535179,23.117606716899,26.4462262043374,26.2173548271413,22.8674279641316,17.5729199943916,19.53363220723,21.3595304440428,22.9577173636924,24.0475728779365,24.1199685686064,27.3246796047092,32.6010470713693,36.5279321411323,41.7423779001116,44.8402878170502,44.9267353587416,52.2438211575681,47.3295160416368,47.7106174807336,55.0583966076401,68.5385081790127,..
West Bank and Gaza,PSE,Energy use (kg of oil equivalent per capita),EG.USE.PCAP.KG.OE,..,..,..,..,..,..,..,..,..,..,..,..,..,..,..,..,..,..,..,..,..,..,..,..,..,..
West Bank and Gaza,PSE,Electric power consumption (kWh per capita),EG.USE.ELEC.KH.PC,..,..,..,..,..,..,..,..,..,..,..,..,..,..,..,..,..,..,..,..,..,..,..,..,..,..
West Bank and Gaza,PSE,Oil rents (% of GDP),NY.GDP.PETR.RT.ZS,0,0,0,0,0,0,0,0,0,0,0,0,0,0,0,0,0,0,0,0,0,0,..,..,..,..
West Bank and Gaza,PSE,Gross fixed capital formation (current US$),NE.GDI.FTOT.CD,1321800000,1163200000,902500000,1108900000,1111600000,1223000000,1120600000,1160700000,1313500000,1471100000,1824900000,2357700000,2499200000,2936200000,2960400000,3304600000,3693800000,4193400000,4365200000,4324000000,3528600000,4323500000,4795200000,4293200000,2995600000,..
West Bank and Gaza,PSE,Gross fixed capital formation (annual % growth),NE.GDI.FTOT.KD.ZG,-26.1950176291206,-20.4322969693799,-16.3976377953076,27.4782199198271,-3.22803091395878,8.65302399817591,-7.35533287865275,-22.7306189478453,34.9945034811286,18.5776330076004,-6.42340445014192,21.9090953569157,20.3194606092226,1.85123415610407,-5.27918781725887,14.2550911039657,10.9453489075834,6.87068706870686,2.4934919095503,-2.60713663188824,-20.9142974023318,13.7236518815466,12.2210535292947,-3.37166886209343,-30.7379735220868,..
West Bank and Gaza,PSE,Gross fixed capital formation (% of GDP),NE.GDI.FTOT.ZS,30.642618694362,29.0531258585808,25.3810675516058,27.9460685483871,24.1489431035606,23.8601556860526,20.9524521810669,19.9580446034011,17.9675530750711,18.1938483990254,18.8493518566338,21.0770509829163,20.4711510107795,21.7246864710887,21.1612829438801,23.6509117975437,23.9773066587041,26.000744047619,26.8188688055245,25.2371085884379,22.7186978888338,23.8748688497432,25.0199577365579,24.0543705421926,21.847991773089,..
West Bank and Gaza,PSE,"Unemployment, female (% of female labor force) (modeled ILO estimate)",SL.UEM.TOTL.FE.ZS,8.037,10.085,12.847,15.2,14.867,16.69,13.024,14.451,19.554,20.115,21.562,22.39,25.942,27.325,26.083,34.123,37.708,42.485,41.589,40.86,39.795,42.508,39.998,..,..,..
West Bank and Gaza,PSE,"Unemployment, female (% of female labor force) (national estimate)",SL.UEM.TOTL.FE.NE.ZS,8.03,10.065,12.817,15.171,14.831,16.67,12.992,14.428,19.532,20.112,21.563,22.445,26.031,27.426,26.159,34.317,37.967,42.828,41.898,41.191,40.07,42.851,40.351,..,30.112,..
West Bank and Gaza,PSE,"Unemployment, male (% of male labor force) (modeled ILO estimate)",SL.UEM.TOTL.MA.ZS,11.095,23.302,29.85,24.51,24.914,20.68,20.294,19.18,23.694,20.529,21.385,16.464,17.553,18.128,19.14,20.085,20.441,21.362,22.254,21.177,22.321,22.203,20.164,..,..,..
West Bank and Gaza,PSE,"Unemployment, male (% of male labor force) (national estimate)",SL.UEM.TOTL.MA.NE.ZS,11.085,23.256,29.78,24.463,24.854,20.655,20.244,19.15,23.667,20.526,21.386,16.504,17.613,18.195,19.196,20.199,20.581,21.534,22.419,21.349,22.476,22.382,20.342,..,31.746,..
West Bank and Gaza,PSE,"Unemployment, total (% of total labor force) (modeled ILO estimate)",SL.UEM.TOTL.ZS,10.625,21.493,27.465,23.004,23.215,20.016,19.014,18.282,22.913,20.452,21.416,17.597,19.202,19.894,20.526,23.005,23.939,25.677,26.256,25.34,25.895,26.39,24.42,..,..,..
West Bank and Gaza,PSE,"Unemployment, total (% of total labor force) (national estimate)",SL.UEM.TOTL.NE.ZS,10.625,21.493,27.465,23.004,23.215,20.016,19.014,18.282,22.913,20.452,21.416,17.597,19.202,19.894,20.526,23.005,23.939,25.677,26.256,25.34,25.895,26.39,24.42,..,31.436,..
West Bank and Gaza,PSE,Broad money growth (annual %),FM.LBL.BMNY.ZG,24.9468290102187,-3.45585986136315,-4.47138843753845,8.87639901885934,4.33119384591513,3.87653657169333,6.10246644428903,20.4113312145095,13.1582257182427,6.02741186814666,9.56809986792112,3.96363959974952,6.76345782887253,10.7320490231398,7.1803996262527,10.3531876808195,10.0318012730727,12.6538642229797,3.82274219555192,9.98642921020079,13.8858419798361,8.25739902138892,-0.124825212864048,6.79569100800766,7.09952248086783,..
West Bank and Gaza,PSE,Broad money (% of GDP),FM.LBL.BMNY.GD.ZS,77.3706802438798,80.4786488747908,86.5642049609089,84.4574092741936,75.9579413873259,70.8578340519344,72.0527857500514,79.7869564191757,71.8255371799081,68.8526341380462,63.0056743570728,56.6924324955972,55.458442676354,55.4712100503866,57.4389810596367,63.4642279636999,63.3352158138705,68.1528171690848,70.11212529183,73.2571192275951,92.0336547990883,85.4532888530013,80.6418810160966,92.4799123334398,128.928749238112,..
"Yemen, Rep.",YEM,GDP (current US$),NY.GDP.MKTP.CD,9679316770.18633,9852990692.98714,10693430511.4664,11777532662.0499,13867634371.4773,16731566717.1888,19063143369.858,21650528674.0933,26910855807.288,25130278212.5575,30906749533.221,32726417878.391,35401331609.5916,40415233436.1767,43228585321.3272,42444490073.8555,31317825274.1507,26842229044.5848,21606160663.0318,..,..,..,..,..,..,..
"Yemen, Rep.",YEM,GDP growth (annual %),NY.GDP.MKTP.KD.ZG,6.1819155928913,3.80364587188127,3.9352315052778,3.74739818489111,3.972696401183,5.59174807563268,3.17040935922364,3.33842795605096,3.64756947012633,3.86622951587742,7.70128607527964,-12.7148969035133,2.39299021364694,4.82351908493912,-0.188690241954504,-27.9945462502541,-9.37512379736752,-5.07179568062152,0.752447592962554,..,..,..,..,..,..,..
"Yemen, Rep.",YEM,GDP per capita (current US$),NY.GDP.PCAP.CD,493.235182634814,487.141257946318,513.241486570603,548.905883049973,627.632023395762,734.159908450927,809.713127624703,890.305768114988,1071.63583282105,969.243509864478,1155.20305261418,1186.47500581215,1245.05068272078,1378.75002954928,1430.16420964026,1362.1738120601,975.359417003225,811.165970405745,633.887202451545,..,..,..,..,..,..,..
"Yemen, Rep.",YEM,GDP per capita growth (annual %),NY.GDP.PCAP.KD.ZG,2.96401092010485,0.714060018641518,0.89755669377989,0.743278418900516,0.966767059770078,2.37203185301995,-0.129375630986743,0.045109908702031,0.370978630255152,0.598210143519466,4.3735077841587,-15.3366875285688,-0.670663085005188,1.67911232409898,-3.20471705643189,-30.1507550992904,-12.0553743505045,-7.88861205244282,-2.186490192267,..,..,..,..,..,..,..
"Yemen, Rep.",YEM,Market capitalization of listed domestic companies (% of GDP),CM.MKT.LCAP.GD.ZS,..,..,..,..,..,..,..,..,..,..,..,..,..,..,..,..,..,..,..,..,..,..,..,..,..,..
"Yemen, Rep.",YEM,Market capitalization of listed domestic companies (current US$),CM.MKT.LCAP.CD,..,..,..,..,..,..,..,..,..,..,..,..,..,..,..,..,..,..,..,..,..,..,..,..,..,..
"Yemen, Rep.",YEM,"Foreign direct investment, net (BoP, current US$)",BN.KLT.DINV.CD,..,..,..,..,..,302056736.757507,-1120970000,-917300000,-1554630000,-129200000,-188641795.777668,517842928.476896,14239188.3601923,133570895.625639,233104668.580815,15444808.3545508,..,..,..,..,..,..,..,..,..,..
"Yemen, Rep.",YEM,"Foreign direct investment, net inflows (% of GDP)",BX.KLT.DINV.WD.GD.ZS,0.066115307019514,1.57455746010621,1.06889926368752,-0.756584613746177,1.03534601615477,-1.80531053584597,5.88029989730047,4.23684804102557,5.7769623200871,0.51412085018398,0.610357927076417,-1.58233916831705,-0.0402221829314871,-0.330496410064222,-0.539237328374498,-0.0363882528160336,-1.79131212045889,-1.00531889341895,-1.30563839823089,..,..,..,..,..,..,..
"Yemen, Rep.",YEM,"Stocks traded, total value (% of GDP)",CM.MKT.TRAD.GD.ZS,..,..,..,..,..,..,..,..,..,..,..,..,..,..,..,..,..,..,..,..,..,..,..,..,..,..
"Yemen, Rep.",YEM,"Stocks traded, total value (current US$)",CM.MKT.TRAD.CD,..,..,..,..,..,..,..,..,..,..,..,..,..,..,..,..,..,..,..,..,..,..,..,..,..,..
"Yemen, Rep.",YEM,Real interest rate (%),FR.INR.RINR,-3.08431862863075,14.3572339769979,8.27550108571082,6.40951122422722,3.84414370907284,-0.449960737491968,3.883621145591,6.41340762882513,-1.97523737577545,29.2517103958068,0.174627011628769,5.83025953972386,17.5713344205015,11.7887549277275,..,..,..,..,..,..,..,..,..,..,..,..
"Yemen, Rep.",YEM,Domestic credit to private sector by banks (% of GDP),FD.AST.PRVT.GD.ZS,4.86063001726163,5.73476581748041,5.80128828060811,6.3663977917327,7.16253622990532,6.93931215854382,6.91321960823707,8.18408496562538,7.70492200932659,7.73547602505911,6.28934064963713,5.0687258112031,4.6454040882474,5.63671954137487,..,..,..,..,..,..,..,..,..,..,..,..
"Yemen, Rep.",YEM,Domestic credit to private sector (% of GDP),FS.AST.PRVT.GD.ZS,4.86063001726163,5.73476581748041,5.80128828060811,6.3663977917327,7.16253622990532,6.93931215854382,6.91321960823707,8.18408496562538,7.70492200932659,7.73547602505911,6.28934064963713,5.0687258112031,4.6454040882474,5.63671954137487,..,..,..,..,..,..,..,..,..,..,..,..
"Yemen, Rep.",YEM,Energy use (kg of oil equivalent per capita),EG.USE.PCAP.KG.OE,241.884502378759,260.291246901483,244.765880104457,264.070554409773,279.891332102562,289.030753712905,299.542924935684,283.812949035491,289.811528650795,311.080562559356,291.861999994351,240.192428627502,210.827759194461,281.953182312038,259.815942651214,119.994093431265,83.3695325901369,71.9650301584181,93.9408794935562,92.6774709704908,77.587699828637,71.3420686631943,68.9495345137687,..,..,..
"Yemen, Rep.",YEM,Electric power consumption (kWh per capita),EG.USE.ELEC.KH.PC,126.629746494382,130.573559066885,137.460435728463,146.576456353609,153.336700283822,162.044152095089,170.368511209853,184.841880210783,200.701331689175,197.202037479264,220.636712775367,167.350079290076,166.914923013569,215.467892827717,189.636121300818,139.25181243182,113.176955627097,73.8268965073532,75.3993333525401,69.1797947835074,58.28166554831,51.8036641130117,53.9729140214357,..,..,..
"Yemen, Rep.",YEM,Oil rents (% of GDP),NY.GDP.PETR.RT.ZS,41.2105414506176,33.0145750680271,30.9035311720644,32.0731170610088,34.0644750012843,41.093106599265,40.4372276843013,32.9618903118727,33.8268519294838,20.6195697250514,22.1800547456639,23.3981676874913,17.0272517537375,11.1124026574675,9.0008580090252,1.69761197489757,0.710184776557765,1.91730246407045,4.82356153067882,..,..,..,..,..,..,..
"Yemen, Rep.",YEM,Gross fixed capital formation (current US$),NE.GDI.FTOT.CD,1832068322.98137,1927286738.98868,1976557673.41884,2441089837.57558,2812314206.5821,3100295508.52665,3123261488.1522,3722655985.46569,4148553558.65699,3403849481.53967,3604057193.40589,1800120603.36763,3081435506.32579,3275967690.44628,2895559158.17395,703021774.19526,447608951.84688,556247546.515375,1334550055.66249,..,..,..,..,..,..,..
"Yemen, Rep.",YEM,Gross fixed capital formation (annual % growth),NE.GDI.FTOT.KD.ZG,7.43852889604364,7.27385932042827,-1.78519323266586,16.3360249045113,1.73053284081479,-3.52050902511742,-8.7773879398889,8.45071459778003,-7.07257247500773,-8.74047054922882,-7.27727631585182,-58.8277197987471,62.0319203295688,-2.38427862852157,-17.520333639339,-82.3201225222053,-22.7222143564992,41.0586485940374,181.819067682866,..,..,..,..,..,..,..
"Yemen, Rep.",YEM,Gross fixed capital formation (% of GDP),NE.GDI.FTOT.ZS,18.9276615951282,19.5604238250263,18.4838501666927,20.7266658273967,20.2796968195702,18.5296186599287,16.3837695995646,17.1942959985092,15.4159109184981,13.5448141590362,11.6610683680339,5.50051218577221,8.70429265290944,8.1057745110384,6.69825102221284,1.65633224235223,1.42924659655832,2.07228522486508,6.17671078391039,..,..,..,..,..,..,..
"Yemen, Rep.",YEM,"Unemployment, female (% of female labor force) (modeled ILO estimate)",SL.UEM.TOTL.FE.ZS,9.181,10.236,11.263,12.346,13.401,14.444,15.558,16.702,17.914,19.092,20.194,22.057,23.53,25.113,26.163,29.822,30.508,30.777,29.538,29.081,29.49,30.198,29.719,29.385,29.44,30.335
"Yemen, Rep.",YEM,"Unemployment, female (% of female labor force) (national estimate)",SL.UEM.TOTL.FE.NE.ZS,..,..,..,..,39.62,46.31,42.19,41.54,40.88,40.23,54.71,..,..,..,26.133,..,..,..,..,..,..,..,..,..,..,..
"Yemen, Rep.",YEM,"Unemployment, male (% of male labor force) (modeled ILO estimate)",SL.UEM.TOTL.MA.ZS,12.245,12.128,11.986,11.935,11.849,11.752,11.732,11.732,11.782,11.786,11.718,12.206,12.349,12.541,12.353,16.856,17.389,17.595,16.611,16.251,17.029,17.347,16.25,15.987,16.024,16.341
"Yemen, Rep.",YEM,"Unemployment, male (% of male labor force) (national estimate)",SL.UEM.TOTL.MA.NE.ZS,..,..,..,..,13,11.93,12.13,11.83,11.54,11.27,12.43,..,..,..,12.339,..,..,..,..,..,..,..,..,..,..,..
"Yemen, Rep.",YEM,"Unemployment, total (% of total labor force) (modeled ILO estimate)",SL.UEM.TOTL.ZS,11.557,11.724,11.839,12.014,12.131,12.213,12.349,12.486,12.656,12.762,12.777,13.311,13.473,13.673,13.467,17.9,18.42,18.611,17.593,17.213,17.963,18.312,17.224,16.944,16.97,17.322
"Yemen, Rep.",YEM,"Unemployment, total (% of total labor force) (national estimate)",SL.UEM.TOTL.NE.ZS,..,..,..,..,16.23,16.05,15.7,15.33,14.97,14.63,17.82,..,..,..,13.467,..,..,..,..,..,..,..,..,..,..,..
"Yemen, Rep.",YEM,Broad money growth (annual %),FM.LBL.BMNY.ZG,25.252299863613,18.762500454949,17.4996724824113,19.6500500510272,14.5727706365134,14.3994477406695,26.0976225347576,16.999495828068,13.2240705159813,12.8089231757455,11.7734566822428,0.403483208781233,22.0072730087107,13.7310086229305,..,..,..,..,..,..,..,..,..,..,..,..
"Yemen, Rep.",YEM,Broad money (% of GDP),FM.LBL.BMNY.GD.ZS,30.1489954247066,33.5710826237395,34.9109934095027,36.3074977043499,35.0608213802277,32.0461206027363,34.4819866888826,35.2069791411138,31.949362486555,38.0089240195966,31.909760083714,31.0764955080311,34.9687113200826,34.7409366655838,..,..,..,..,..,..,..,..,..,..,..,..
Mauritania,MRT,GDP (current US$),NY.GDP.MKTP.CD,1779520886.47015,1746063557.61355,1777057481.26043,2051147606.73687,2362501023.24249,2936019525.60241,3919577285.92703,4346212355.02975,5206437193.80413,4714595547.75102,5628878797.98257,6764627745.9033,6728208836.22143,7223071097.08417,6592537781.81518,6166863896.68677,6398747592.13185,6800135898.28827,7473550557.07378,7894764885.82312,8260752385.23089,9222536364.01272,9557966698.25369,10726838461.3987,10908045686.8808,..
Mauritania,MRT,GDP growth (annual %),NY.GDP.MKTP.KD.ZG,-3.91802585208993,-0.799493830035985,1.38148396045266,6.92826957568474,4.73275787510946,8.56628732009419,18.3331986932345,-1.96942274988409,-0.331079223430805,0.0978759143320076,2.62022948104543,4.17278327815399,4.47001319170479,4.1508131898954,4.27482328814457,5.37633924099251,1.26090923067225,6.27054566937677,4.77217365692621,3.14100489306969,-0.360657384151068,0.742715486567747,6.79600500489967,6.80949001978621,6.30760213290844,..
Mauritania,MRT,GDP per capita (current US$),NY.GDP.PCAP.CD,680.911061879778,651.817840199777,648.879643934862,732.017820812675,823.554457141893,998.96583416747,1300.60367988659,1405.15016203368,1635.5630623124,1435.43010811893,1659.96369705455,1931.19975525465,1859.11733247641,1934.24103064714,1713.00865264234,1554.94897871782,1565.76575722696,1615.00401327323,1722.93528854073,1767.072710621,1795.76459566714,1947.78918383313,1960.35240077424,2135.78187606359,2110.12036938187,..
Mauritania,MRT,GDP per capita growth (annual %),NY.GDP.PCAP.KD.ZG,-6.55562473849811,-3.21840327415039,-0.835751865823852,4.50921937569792,2.30058496670189,5.96595714778461,15.4039449102218,-4.48587322919337,-3.15557609857845,-2.98568728628379,-0.603277391963445,0.846509288912657,1.11502444521069,0.935521308544125,1.18070235725725,2.25580164537985,-1.72979667450247,3.14237147997393,1.70257047246483,0.139308524548838,-3.22895410596585,-2.12417721486563,3.71273074709404,3.6874901052298,3.2855217223692,..
Mauritania,MRT,Market capitalization of listed domestic companies (% of GDP),CM.MKT.LCAP.GD.ZS,..,..,..,..,..,..,..,..,..,..,..,..,..,..,..,..,..,..,..,..,..,..,..,..,..,..
Mauritania,MRT,Market capitalization of listed domestic companies (current US$),CM.MKT.LCAP.CD,..,..,..,..,..,..,..,..,..,..,..,..,..,..,..,..,..,..,..,..,..,..,..,..,..,..
Mauritania,MRT,"Foreign direct investment, net (BoP, current US$)",BN.KLT.DINV.CD,..,..,..,..,..,..,..,..,..,..,..,..,-1386098850.60853,-1126004759.60199,-502589833.818159,-501726765.733819,-271134844.997291,-588217194.758538,-772244223.86581,883561115.825519,-927916265.774285,-1061518903.35589,-1401620461.82274,-848351729.722353,-1440291135.43106,..
Mauritania,MRT,"Foreign direct investment, net inflows (% of GDP)",BX.KLT.DINV.WD.GD.ZS,2.25319074953564,4.39273814893831,3.78943003870853,4.97077585567831,17.1048404222648,27.6520361298831,3.94434472704714,3.2067650776131,6.58359348707617,-0.0651602023733604,2.31890567703789,8.70335489423716,20.6013054045892,15.5890028558149,7.62361704174833,8.13584950372229,4.23731114711712,8.65007999188081,10.3416772803986,-11.1917343784634,11.2328299227716,11.6047527792442,14.6644208551054,7.90868374475115,13.2039338372346,..
Mauritania,MRT,"Stocks traded, total value (% of GDP)",CM.MKT.TRAD.GD.ZS,..,..,..,..,..,..,..,..,..,..,..,..,..,..,..,..,..,..,..,..,..,..,..,..,..,..
Mauritania,MRT,"Stocks traded, total value (current US$)",CM.MKT.TRAD.CD,..,..,..,..,..,..,..,..,..,..,..,..,..,..,..,..,..,..,..,..,..,..,..,..,..,..
Mauritania,MRT,Real interest rate (%),FR.INR.RINR,18.0831778791942,15.7553753539872,13.3863439088126,15.8055650125191,9.07038269384552,7.41637650601742,8.685112421966,13.4113924372068,8.68617782492596,19.9304642613006,-4.36736176668678,-0.465994039346579,16.469090603489,11.974614816861,32.7679508377827,22.8912964047859,5.20624359423457,15.1756881068286,..,..,..,..,..,..,..,..
Mauritania,MRT,Domestic credit to private sector by banks (% of GDP),FD.AST.PRVT.GD.ZS,..,..,..,..,..,17.9490615512546,14.4306822166426,16.0895463790032,18.0173625027178,18.7783669689785,17.3401347124461,15.816752982487,16.5658862834057,18.138729117959,19.2855864831017,20.8779175819195,20.1082699530173,20.8943892312859,21.8967922790585,22.5931640561268,..,..,..,..,..,..
Mauritania,MRT,Domestic credit to private sector (% of GDP),FS.AST.PRVT.GD.ZS,..,..,..,..,..,18.4014813125773,14.617422611558,16.2991786844733,19.2083942062677,19.977723344228,18.2754030717281,16.5934473771108,16.7663811866788,18.345839833704,19.5202997737568,21.115578390201,20.2989097590812,21.0665741212812,22.0411208947414,22.7235411550392,..,..,..,..,..,..
Mauritania,MRT,Energy use (kg of oil equivalent per capita),EG.USE.PCAP.KG.OE,..,..,..,..,..,..,..,..,..,..,..,..,..,..,..,..,..,..,..,..,..,..,..,..,..,..
Mauritania,MRT,Electric power consumption (kWh per capita),EG.USE.ELEC.KH.PC,..,..,..,..,..,..,..,..,..,..,..,..,..,..,..,..,..,..,..,..,..,..,..,..,..,..
Mauritania,MRT,Oil rents (% of GDP),NY.GDP.PETR.RT.ZS,0,0,0,0,0,0,11.4339025984773,5.94490221432553,5.46163646578312,2.65898185019521,2.43044511982911,2.80489508955736,2.34921054003086,1.92187619455113,1.48326200444495,0.513819837621705,0.407544888538057,0.541318938190263,0,0,0,0,..,..,..,..
Mauritania,MRT,Gross fixed capital formation (current US$),NE.GDI.FTOT.CD,567849862.129412,562975449.945716,746009270.58105,975504725.696689,1057842537.49063,1195749676.20482,1426593149.66493,1834429129.69953,1936834652.98323,1715840698.46291,1873227089.21323,1990568380.93766,2236103907.35621,2363444765.356,2502812783.87976,2115386291.63425,1855735334.27838,2058670211.05554,2460839464.64859,2466542528.48389,2041166988.22536,2612523362.71858,2846630567.21267,2574999862.28789,2812847857.63867,..
Mauritania,MRT,Gross fixed capital formation (annual % growth),NE.GDI.FTOT.KD.ZG,13.0063268115683,3.11802890922583,37.0637614230197,23.7413157024323,-2.75599838040496,8.68555816224668,11.3285333276762,15.5917239216247,-13.550669013127,-0.770717911283612,4.04342506094434,3.33556949585503,11.7179828042556,3.31366340420118,2.74206758974709,-8.97706639579681,-6.01407082035323,12.8499924109813,18.7372860070798,2.98587878196727,-17.0469450191186,12.0950924001731,3.4000000357975,-11.707499407934,16.9279136279906,..
Mauritania,MRT,Gross fixed capital formation (% of GDP),NE.GDI.FTOT.ZS,31.9102667716251,32.2425519673045,41.9800303843813,47.55897247437,44.7763843098258,40.7268979575153,36.396607225657,42.2075356620944,37.2007686040685,36.3942289658634,33.2788670078419,29.426133347,33.2347577458968,32.7207739421267,37.9643297727243,34.3024643817869,29.001539872588,30.2739569009753,32.9273140772344,31.2427610467936,24.7092140405357,28.3276016445206,29.7828048274407,24.0052077930904,25.7869093913102,..
Mauritania,MRT,"Unemployment, female (% of female labor force) (modeled ILO estimate)",SL.UEM.TOTL.FE.ZS,12.831,12.951,13.027,12.661,12.48,12.251,11.902,12.105,12.386,12.992,12.838,12.687,12.54,12.294,12.099,11.881,11.782,11.535,13.336,15.053,15.774,15.91,15.277,15.05,14.888,14.74
Mauritania,MRT,"Unemployment, female (% of female labor force) (national estimate)",SL.UEM.TOTL.FE.NE.ZS,..,..,..,..,..,..,..,..,..,..,..,..,12.4,..,..,..,..,11.445,..,14.853,..,..,..,..,..,..
Mauritania,MRT,"Unemployment, male (% of male labor force) (modeled ILO estimate)",SL.UEM.TOTL.MA.ZS,8.764,8.852,8.907,8.642,8.511,8.345,8.092,8.24,8.444,8.884,8.773,8.663,8.557,8.759,8.999,9.22,9.54,9.734,8.939,8.078,8.683,8.723,8.151,8.022,7.931,8.1
Mauritania,MRT,"Unemployment, male (% of male labor force) (national estimate)",SL.UEM.TOTL.MA.NE.ZS,..,..,..,..,..,..,..,..,..,..,..,..,8.461,..,..,..,..,9.658,..,7.971,..,..,..,..,..,..
Mauritania,MRT,"Unemployment, total (% of total labor force) (modeled ILO estimate)",SL.UEM.TOTL.ZS,10.03,10.132,10.201,9.911,9.77,9.59,9.313,9.482,9.715,10.214,10.093,9.976,9.864,9.926,10.026,10.104,10.287,10.336,10.411,10.416,11.051,11.131,10.52,10.37,10.257,10.319
Mauritania,MRT,"Unemployment, total (% of total labor force) (national estimate)",SL.UEM.TOTL.NE.ZS,..,..,..,..,..,..,..,..,..,..,..,..,9.864,..,..,..,..,10.336,..,10.416,..,..,..,..,..,..
Mauritania,MRT,Broad money growth (annual %),FM.LBL.BMNY.ZG,..,..,..,..,..,..,15.674635424455,18.9075866410369,13.7430695514233,15.543257642494,11.057715483201,21.6243401408966,16.6087455385825,22.4197535028999,1.45236275793243,-0.286696526519375,6.67922518577171,16.659532919698,10.9110915968963,9.94940435177811,..,..,..,..,..,..
Mauritania,MRT,Broad money (% of GDP),FM.LBL.BMNY.GD.ZS,..,..,..,..,..,19.7239883983261,16.8995308151377,18.8240200681825,19.4028682479444,22.4774629456975,19.8830644201774,19.7485480371572,21.9431750264624,24.6843683299957,27.2528616886181,27.0867795677256,25.6596693724621,27.7289441287182,28.0750026580535,28.4143225430919,..,..,..,..,..,..
Comoros,COM,GDP (current US$),NY.GDP.MKTP.CD,339504306.290689,372746486.166796,427360070.324544,546830040.540273,622679660.37137,655375095.906176,688498641.512529,795673152.867077,915659107.965823,905341172.70583,907978730.887844,1023086273.53336,1015843490.82374,1116224106.83728,1149587661.00693,966029600.862227,1012835493.19325,1077439756.59451,1178530633.24599,1187915408.87243,1218763671.26563,1272238390.85864,1222485532.31976,1326836543.00797,1440991455.45188,..
Comoros,COM,GDP growth (annual %),NY.GDP.MKTP.KD.ZG,-1.00701887109655,5.41959971808741,4.59768263263243,1.93442812313498,3.10041210399676,5.66520240193151,-1.75444679449394,0.803599788247752,3.96461118871815,3.24060198483924,3.77788070743117,4.14356479211455,3.16835627559691,4.4661636979028,2.10666920560958,1.14747399397193,3.32039987961315,3.81570211280726,3.64259587408398,1.76070164655727,-0.195577456821965,2.0001921183449,2.60301031927843,2.99521564038136,3.3381010943571,..
Comoros,COM,GDP per capita (current US$),NY.GDP.PCAP.CD,633.309032776244,681.163857619963,764.61349832543,959.691049354812,1072.28409029621,1105.78796866788,1138.47908404345,1289.73631056361,1455.02768595586,1410.30516959473,1386.5742428453,1531.43789372951,1490.31511351281,1603.32797107303,1615.71723662012,1329.37048235986,1365.48403444497,1423.9248027797,1527.40527125285,1510.23218151592,1519.34665556206,1554.97289190153,1465.479642862,1560.27378476855,1662.75663312504,..
Comoros,COM,GDP per capita growth (annual %),NY.GDP.PCAP.KD.ZG,-2.88945143643761,3.27352621774114,2.40756578317429,-0.011062920777249,1.16411909687749,3.53060047143931,-3.71626145355258,-1.18558697748325,1.91937430669343,1.20778430816443,1.73524239121446,2.08269275960269,1.11385857437342,2.28108217474703,-0.0905881667515871,-0.965303682858504,1.22276485365785,1.76756640070596,1.63835635175063,-0.178316983862871,-2.13464959719172,0.00413128531081952,0.633328895842794,1.03326243771184,1.40149842299931,..
Comoros,COM,Market capitalization of listed domestic companies (% of GDP),CM.MKT.LCAP.GD.ZS,..,..,..,..,..,..,..,..,..,..,..,..,..,..,..,..,..,..,..,..,..,..,..,..,..,..
Comoros,COM,Market capitalization of listed domestic companies (current US$),CM.MKT.LCAP.CD,..,..,..,..,..,..,..,..,..,..,..,..,..,..,..,..,..,..,..,..,..,..,..,..,..,..
Comoros,COM,"Foreign direct investment, net (BoP, current US$)",BN.KLT.DINV.CD,..,..,..,-793243.734562134,-672560.378635005,-558865.800033729,-778420.21387879,-7691947.28915694,-4650574.15690675,-13839598.1677914,-8350406.72212105,-23118440.5401983,-10375197.4614674,..,-4684558.67518381,-4936699.51044481,-3569823.72997216,-3919473.02500834,-5672348.12857999,-4300803.9663215,-3875846.08058853,-4024772.1820532,-4128667.47538991,-5352754.89432873,..,..
Comoros,COM,"Foreign direct investment, net inflows (% of GDP)",BX.KLT.DINV.WD.GD.ZS,0.0275813880015483,0.307423421152582,0.100716007387665,0.145062208685244,0.108010654825932,0.0852741893191707,0.11306053010776,0.966721983950354,0.507893616352291,1.52866108214525,0.91966985988271,2.25967654324554,1.02133818400059,0.379103082802071,0.407499039358216,0.511029838634196,0.352458395658835,0.363776536091142,0.48130680430061,0.362046315267837,0.318014572633564,0.316353618234776,0.337727307705265,0.403422329791574,0.492716315085539,..
Comoros,COM,"Stocks traded, total value (% of GDP)",CM.MKT.TRAD.GD.ZS,..,..,..,..,..,..,..,..,..,..,..,..,..,..,..,..,..,..,..,..,..,..,..,..,..,..
Comoros,COM,"Stocks traded, total value (current US$)",CM.MKT.TRAD.CD,..,..,..,..,..,..,..,..,..,..,..,..,..,..,..,..,..,..,..,..,..,..,..,..,..,..
Comoros,COM,Real interest rate (%),FR.INR.RINR,5.29600704008916,4.28208192777262,7.87646192207169,6.57676442963834,10.5180344513887,11.4539156896043,4.29441020881614,5.20294159167107,7.13147593114977,9.42091628245635,8.67957279121723,7.23404630371887,5.97432741756207,8.59711948415717,9.5849292498849,11.0809323047661,8.63684255463117,10.0569625042915,9.45357655566528,5.74960926296478,7.28595029147475,9.14944315713446,2.70778302353403,..,..,..
Comoros,COM,Domestic credit to private sector by banks (% of GDP),FD.AST.PRVT.GD.ZS,5.24223204065495,4.25438202628584,4.3208427998327,4.71791111933364,4.10564971819776,5.12905263231004,4.94674317466554,5.3118625721658,6.3027462995612,8.72133973384753,10.3754513691185,10.5176893045609,11.8577007849364,12.5740717941047,13.4583381010686,15.6112953298198,15.9324074977219,16.2597166677273,15.7302550512325,15.3938171030103,14.7652366122066,16.0390796155916,16.737936987635,18.0104920788456,..,..
Comoros,COM,Domestic credit to private sector (% of GDP),FS.AST.PRVT.GD.ZS,5.27762263671,4.30621566405697,4.48834426824497,5.07380354246118,4.16416657395075,5.16315796175395,4.98534469634907,5.35040930549283,6.35343539152693,8.78333732412975,10.4775984667333,10.6281935875176,12.0894196952257,12.8050752158186,13.6288653351441,15.8220261992571,16.1429576955409,16.4592204557401,15.9122728670131,15.5802237466904,15.062938071211,16.3887427830441,17.0621990774365,18.3346696474684,..,..
Comoros,COM,Energy use (kg of oil equivalent per capita),EG.USE.PCAP.KG.OE,..,..,..,..,58.5496225271395,62.4286078251729,69.4498415055403,66.4584302518775,..,..,..,..,..,..,..,..,..,..,..,..,..,..,..,..,..,..
Comoros,COM,Electric power consumption (kWh per capita),EG.USE.ELEC.KH.PC,..,..,..,..,..,..,..,..,..,..,..,..,..,..,..,..,..,..,..,..,..,..,..,..,..,..
Comoros,COM,Oil rents (% of GDP),NY.GDP.PETR.RT.ZS,0,0,0,0,0,0,0,0,0,0,0,0,0,0,0,0,0,0,0,0,0,0,..,..,..,..
Comoros,COM,Gross fixed capital formation (current US$),NE.GDI.FTOT.CD,58111006.5180663,63801038.7325633,73148841.2156939,93597901.3483925,106580738.329907,112176911.209516,117846566.888287,127393169.951595,171177861.564981,150686067.570162,162187147.645638,171133808.209248,169605930.841654,181011300.925118,175168375.627178,130378566.05512,126357223.331607,143550098.107072,173944729.491887,150012018.983801,133538525.289898,168718866.843005,145931702.737734,155651011.801794,169085097.162809,..
Comoros,COM,Gross fixed capital formation (annual % growth),NE.GDI.FTOT.KD.ZG,-1.00683779642824,5.41962093038894,4.5975197230657,1.93465931633325,3.10035348819331,5.66505103322214,-1.75449633752076,-3.06757538499056,14.1217117491417,2.32203816896282,-0.143915690777831,17.0992887492943,7.93145428074587,-11.8514084026344,-2.20024134815439,-1.27919771165394,-10.9656919459325,-0.479396140163502,23.5738163051942,-11.7633092941745,-18.9117268024215,11.5366045063999,11.328429820343,3.08076389692427,3.29861921114916,..
Comoros,COM,Gross fixed capital formation (% of GDP),NE.GDI.FTOT.ZS,17.1164269322436,17.1164695309867,17.1164426194856,17.1164519886137,17.1164637474012,17.1164439891343,17.1164559786779,16.0107412814615,18.6944966828606,16.6441195996643,17.8624390779559,16.7272118330955,16.6960690671082,16.2163941646089,15.2374961535119,13.4963324041779,12.4755919575083,13.3232598136896,14.7594576318137,12.6281735099465,10.956884294986,13.2615764510247,11.9372948701337,11.7309862033894,11.7339416915408,..
Comoros,COM,"Unemployment, female (% of female labor force) (modeled ILO estimate)",SL.UEM.TOTL.FE.ZS,4.717,4.695,4.686,4.876,4.886,4.865,4.843,4.859,4.826,4.733,4.64,4.592,4.587,4.495,4.525,4.592,4.699,4.64,4.574,4.533,5.063,5.026,4.538,4.488,4.466,4.4
Comoros,COM,"Unemployment, female (% of female labor force) (national estimate)",SL.UEM.TOTL.FE.NE.ZS,..,..,..,..,4.89,..,..,..,..,..,..,..,..,..,10.442,..,..,..,..,..,..,5.012,..,..,..,..
Comoros,COM,"Unemployment, male (% of male labor force) (modeled ILO estimate)",SL.UEM.TOTL.MA.ZS,4.187,4.166,4.158,4.342,4.352,4.296,4.24,4.219,4.151,4.029,3.907,3.828,3.789,3.671,3.663,3.687,3.746,3.658,3.565,3.495,4.036,3.924,3.393,3.351,3.333,3.387
Comoros,COM,"Unemployment, male (% of male labor force) (national estimate)",SL.UEM.TOTL.MA.NE.ZS,..,..,..,..,4.356,..,..,..,..,..,..,..,..,..,6.68,..,..,..,..,..,..,3.913,..,..,..,..
Comoros,COM,"Unemployment, total (% of total labor force) (modeled ILO estimate)",SL.UEM.TOTL.ZS,4.4,4.379,4.372,4.559,4.571,4.527,4.482,4.474,4.416,4.303,4.19,4.12,4.091,3.98,3.984,4.031,4.117,4.049,3.975,3.926,4.468,4.394,3.879,3.833,3.815,3.819
Comoros,COM,"Unemployment, total (% of total labor force) (national estimate)",SL.UEM.TOTL.NE.ZS,..,..,..,..,4.571,..,..,..,..,..,..,..,..,..,8.142,..,..,..,..,..,..,4.394,..,..,..,..
Comoros,COM,Broad money growth (annual %),FM.LBL.BMNY.ZG,14.5309658787036,52.3103623488209,11.2609118719366,-2.06748555968995,-2.89289388118761,7.05846153111262,12.5041913599772,9.55829396183924,11.531908640933,13.3447341598715,19.4120667816831,9.57178617646536,15.9911623205313,2.8496315109187,8.0969416728441,17.1103236713253,10.2596461134046,1.81679233571367,8.47150007896841,5.90669993633771,12.897024029852,18.5415628211857,7.37831732181366,9.35729519316389,..,..
Comoros,COM,Broad money (% of GDP),FM.LBL.BMNY.GD.ZS,11.8420252268592,15.9303655192455,16.3213081515995,14.9434969932178,14.0137067397024,14.2565481779877,15.4088043393002,15.9442378815728,16.5833465307162,18.0285610620514,20.4028166767333,20.8318022868284,22.4617518584309,21.7333536290114,22.8178435244477,26.5577926363641,27.8636077791238,27.2175455164757,28.2159061016217,28.1030746834602,31.5521395452455,37.1021595367966,36.9147203949741,38.1908054922017,..,..
"Somalia, Fed. Rep.",SOM,GDP (current US$),NY.GDP.MKTP.CD,3412797450.20112,2252847464.68608,2192684134.59273,2836724351.5616,3859592813.10255,4683246454.10048,5026743282.04251,5430713728.89074,5913620292.90573,2948594552.44952,2687807003.73935,2906000096.93249,4364670159.99578,5062881600.00104,5728399719.99958,6152149099.99942,6613743069.99912,7621501710.0012,7873000000,8656000000,8628000000,9483000000,10203000000,10958000000,11967000000,..
"Somalia, Fed. Rep.",SOM,GDP growth (annual %),NY.GDP.MKTP.KD.ZG,7.11031431133226,7.1103143114281,7.63026729326369,7.63026729340694,7.11031431127853,7.11031431132103,6.48637073266447,6.69435192557005,6.69435192576573,6.69435192557317,6.69435192555878,6.69435192565855,6.69435192553358,10.9592986164747,8.97800590573206,10.4621881235166,7.03487260042048,14.7357956045282,2.05431507259452,2.80033312513012,-2.76455696202532,3.44719850031242,2.71821202053759,4.17524257571303,4.11139335779471,..
"Somalia, Fed. Rep.",SOM,GDP per capita (current US$),NY.GDP.PCAP.CD,386.119274401275,244.914842538455,229.598918310039,286.273025198975,375.410326225387,439.979907805478,457.996662206659,479.635628065289,507.03744334738,246.513251675105,219.202453852397,235.325945610434,350.261946720512,393.398703952979,429.431656725102,445.583080073396,460.928490585175,510.939952317726,509.497273804534,539.954816211694,518.16113333875,549.056994756254,573.141165798229,596.885985135589,629.538899449007,..
"Somalia, Fed. Rep.",SOM,GDP per capita growth (annual %),NY.GDP.PCAP.KD.ZG,2.90945170867951,2.92091623470341,3.66803447110399,3.72989683773058,3.23637071321343,3.45521790909243,3.27228849951535,3.4237661469617,3.5794262149137,4.03513734394411,4.07910489707555,5.94202931699242,5.73256533810552,7.43785495856901,5.13914593415699,6.72219258601305,2.99347020739935,10.3677043802939,-1.48470237917039,-0.909258009902032,-6.38636194168187,-0.267727633939771,-0.342614533940647,1.01616806512138,0.548466776307393,..
"Somalia, Fed. Rep.",SOM,Market capitalization of listed domestic companies (% of GDP),CM.MKT.LCAP.GD.ZS,..,..,..,..,..,..,..,..,..,..,..,..,..,..,..,..,..,..,..,..,..,..,..,..,..,..
"Somalia, Fed. Rep.",SOM,Market capitalization of listed domestic companies (current US$),CM.MKT.LCAP.CD,..,..,..,..,..,..,..,..,..,..,..,..,..,..,..,..,..,..,..,..,..,..,..,..,..,..
"Somalia, Fed. Rep.",SOM,"Foreign direct investment, net (BoP, current US$)",BN.KLT.DINV.CD,..,..,..,..,..,..,..,..,..,..,..,..,..,..,..,..,..,..,..,..,..,..,..,..,..,..
"Somalia, Fed. Rep.",SOM,"Foreign direct investment, net inflows (% of GDP)",BX.KLT.DINV.WD.GD.ZS,0.00791139831589152,0.00177553077281127,0.00638486856320524,-0.0299641380218025,-0.124106356083442,0.51246502261239,1.90978521507055,2.5963438148083,1.47118001648448,3.66276197282804,4.16696585149836,3.50997923598382,2.45906325256211,5.09591217775954,4.55624629490798,4.92510820324606,4.9896102178043,4.84156553446397,5.18226851263813,5.16404805914972,6.18915159944367,6.33765685964357,6.23346074683917,6.17357181967512,6.39257959388318,..
"Somalia, Fed. Rep.",SOM,"Stocks traded, total value (% of GDP)",CM.MKT.TRAD.GD.ZS,..,..,..,..,..,..,..,..,..,..,..,..,..,..,..,..,..,..,..,..,..,..,..,..,..,..
"Somalia, Fed. Rep.",SOM,"Stocks traded, total value (current US$)",CM.MKT.TRAD.CD,..,..,..,..,..,..,..,..,..,..,..,..,..,..,..,..,..,..,..,..,..,..,..,..,..,..
"Somalia, Fed. Rep.",SOM,Real interest rate (%),FR.INR.RINR,..,..,..,..,..,..,..,..,..,..,..,..,..,..,..,..,..,..,..,..,..,..,..,..,..,..
"Somalia, Fed. Rep.",SOM,Domestic credit to private sector by banks (% of GDP),FD.AST.PRVT.GD.ZS,..,..,..,..,..,..,..,..,..,..,..,..,..,..,..,..,..,..,9.28513112688898E-05,8.83922211275812E-05,9.86338560235038E-05,0.000129402968328421,0.000143553856008959,0.000183775878716366,0.000190137599769146,..
"Somalia, Fed. Rep.",SOM,Domestic credit to private sector (% of GDP),FS.AST.PRVT.GD.ZS,..,..,..,..,..,..,..,..,..,..,..,..,..,..,..,..,..,..,9.28513118044395E-05,8.84304702989156E-05,9.86845889122697E-05,0.000129410889311623,0.000143592066857031,0.000183860617434562,0.000190137599769146,..
"Somalia, Fed. Rep.",SOM,Energy use (kg of oil equivalent per capita),EG.USE.PCAP.KG.OE,..,..,..,..,..,..,..,..,..,..,..,..,..,..,..,..,..,..,..,..,..,..,..,..,..,..
"Somalia, Fed. Rep.",SOM,Electric power consumption (kWh per capita),EG.USE.ELEC.KH.PC,..,..,..,..,..,..,..,..,..,..,..,..,..,..,..,..,..,..,..,..,..,..,..,..,..,..
"Somalia, Fed. Rep.",SOM,Oil rents (% of GDP),NY.GDP.PETR.RT.ZS,..,..,..,..,..,..,..,..,..,..,..,..,..,0,0,0,0,0,0,0,0,0,..,..,..,..
"Somalia, Fed. Rep.",SOM,Gross fixed capital formation (current US$),NE.GDI.FTOT.CD,..,..,..,..,..,..,..,..,..,..,..,..,686825939.997648,727513810.001141,768201679.997548,808889559.998616,849577420.001682,1053680769.99907,1268000000,1392000000,1381000000,1705000000,2413000000,2587000000,3201000000,..
"Somalia, Fed. Rep.",SOM,Gross fixed capital formation (annual % growth),NE.GDI.FTOT.KD.ZG,..,..,..,..,..,..,..,..,..,..,..,..,..,..,4.88958405964726,11.4891352549771,6.39250770041291,18.6327819273958,18.6618743394321,11.6145500957243,0.114351057747285,4.79725870930896,31.4986376021798,14.4633236634894,21.0716871832006,..
"Somalia, Fed. Rep.",SOM,Gross fixed capital formation (% of GDP),NE.GDI.FTOT.ZS,..,..,..,..,..,..,..,..,..,..,..,..,15.7360330751388,14.3695600150118,13.4104063533751,13.1480812127699,12.8456368959279,13.8251070470324,16.1056776324146,16.0813308687616,16.006026889198,17.9795423389223,23.6499068901304,23.6083226866216,26.7485585359739,..
"Somalia, Fed. Rep.",SOM,"Unemployment, female (% of female labor force) (modeled ILO estimate)",SL.UEM.TOTL.FE.ZS,24.173,24.167,24.17,24.17,24.193,24.24,24.315,24.315,24.353,24.362,24.375,24.373,24.356,24.202,24.122,23.99,24.132,23.926,24.224,24.376,24.873,25.209,24.863,24.663,24.645,24.581
"Somalia, Fed. Rep.",SOM,"Unemployment, female (% of female labor force) (national estimate)",SL.UEM.TOTL.FE.NE.ZS,..,..,..,..,..,..,..,..,..,..,..,..,..,..,..,..,..,..,..,24.175,..,..,12.939,..,..,..
"Somalia, Fed. Rep.",SOM,"Unemployment, male (% of male labor force) (modeled ILO estimate)",SL.UEM.TOTL.MA.ZS,16.16,16.155,16.157,16.157,16.172,16.204,16.256,16.255,16.281,16.288,16.297,16.297,16.286,16.178,16.123,16.03,16.13,15.986,16.195,16.302,16.93,17.133,16.561,16.421,16.409,16.433
"Somalia, Fed. Rep.",SOM,"Unemployment, male (% of male labor force) (national estimate)",SL.UEM.TOTL.MA.NE.ZS,..,..,..,..,..,..,..,..,..,..,..,..,..,..,..,..,..,..,..,16.167,..,..,10.115,..,..,..
"Somalia, Fed. Rep.",SOM,"Unemployment, total (% of total labor force) (modeled ILO estimate)",SL.UEM.TOTL.ZS,18.678,18.665,18.658,18.648,18.653,18.671,18.705,18.687,18.714,18.724,18.741,18.761,18.771,18.655,18.595,18.495,18.611,18.455,18.7,18.828,19.414,19.662,19.112,18.96,18.949,18.948
"Somalia, Fed. Rep.",SOM,"Unemployment, total (% of total labor force) (national estimate)",SL.UEM.TOTL.NE.ZS,..,..,..,..,..,..,..,..,..,..,..,..,..,..,..,..,..,..,..,18.828,..,..,11.086,..,..,..
"Somalia, Fed. Rep.",SOM,Broad money growth (annual %),FM.LBL.BMNY.ZG,..,..,..,..,..,..,..,..,..,..,..,..,..,..,..,..,..,..,..,..,..,..,..,..,..,..
"Somalia, Fed. Rep.",SOM,Broad money (% of GDP),FM.LBL.BMNY.GD.ZS,..,..,..,..,..,..,..,..,..,..,..,..,..,..,..,..,..,..,..,..,..,..,..,..,..,..
,,,,,,,,,,,,,,,,,,,,,,,,,,,,,
,,,,,,,,,,,,,,,,,,,,,,,,,,,,,
,,,,,,,,,,,,,,,,,,,,,,,,,,,,,
Data from database: World Development Indicators,,,,,,,,,,,,,,,,,,,,,,,,,,,,,
Last Updated: 02/24/2026,,,,,,,,,,,,,,,,,,,,,,,,,,,,,
